locality,street,rooms,area,price_total_zl,price_sqm_zl,owner_type,date_posted,photo_count,url,image_url
Białystok Centrum,ul. Józefa Marjańskiego 3,3,77,805000,10455,bez pośredników,,25,https://adresowo.pl/o/mieszkanie-bialystok-centrum-ul-jozefa-marjanskiego-3-pokojowe-i7k8e2,https://s2.adresowa.pl/oi/3d/12/39765e_4743_cover@2x-3-pokojowe-mieszkanie-bialystok-centrum-ul-jozefa-marjanskiego.webp
Białystok Bojary,ul. Jana Sobieskiego,1,21,299000,14238,bez pośredników,,5,https://adresowo.pl/o/mieszkanie-bialystok-bojary-ul-jana-sobieskiego-1-pokoj-e3y8e9,https://s2.adresowa.pl/oi/38/5a/40bd9a_75d7_cover@2x-1-pokojowe-mieszkanie-bialystok-bojary-ul-jana-sobieskiego.webp
Białystok Piaski,ul. Jerzego Waszyngtona,4,60,565000,9417,bez pośredników,,16,https://adresowo.pl/o/mieszkanie-bialystok-piaski-ul-jerzego-waszyngtona-4-pokojowe-z3u6e3,https://s2.adresowa.pl/oi/7a/63/40ba1c_ebec_cover@2x-4-pokojowe-mieszkanie-bialystok-piaski-ul-jerzego-waszyngtona.webp
Białystok,Zielone Wzgórza,2,46,380000,8261,bez pośredników,,3,https://adresowo.pl/o/mieszkanie-bialystok-zielone-wzgorza-2-pokojowe-46-m2-u9h7l1,https://s2.adresowa.pl/oi/41/77/40b85a_e68b_cover@2x-2-pokojowe-mieszkanie-bialystok-zielone-wzgorza.webp
Białystok Piaski,ul. Jerzego Waszyngtona,4,61,619000,10148,Pośrednik,,9,https://adresowo.pl/o/mieszkanie-bialystok-piaski-ul-jerzego-waszyngtona-4-pokojowe-s9u8z3,https://s2.adresowa.pl/oi/5b/1b/40b62a_804f_cover@2x-4-pokojowe-mieszkanie-bialystok-piaski-ul-jerzego-waszyngtona.webp
Białystok Wygoda,ul. 42 Pułku Piechoty,2,41,499000,12171,Pośrednik,,10,https://adresowo.pl/o/mieszkanie-bialystok-wygoda-ul-42-pulku-piechoty-2-pokojowe-z4d6u9,https://s2.adresowa.pl/oi/29/25/40a0c0_8e49_cover@2x-2-pokojowe-mieszkanie-bialystok-wygoda-ul-42-pulku-piechoty.webp
Białystok Centrum,ul. Czarna,2,37,579000,15649,bez pośredników,,8,https://adresowo.pl/o/mieszkanie-bialystok-centrum-ul-czarna-2-pokojowe-i3v9w5,https://s2.adresowa.pl/oi/73/7b/40b6e6_d522_cover@2x-2-pokojowe-mieszkanie-bialystok-centrum-ul-czarna.webp
Białystok,Zielone Wzgórza,2,46,430000,9348,bez pośredników,,7,https://adresowo.pl/o/mieszkanie-bialystok-zielone-wzgorza-2-pokojowe-46-m2-k3z5i2,https://s2.adresowa.pl/oi/2b/22/40b14e_7707_cover@2x-2-pokojowe-mieszkanie-bialystok-zielone-wzgorza.webp
Białystok,Dziesięciny,4,71,635000,8944,bez pośredników,,12,https://adresowo.pl/o/mieszkanie-bialystok-dziesieciny-4-pokojowe-71-m2-n4c2a1,https://s2.adresowa.pl/oi/1d/73/40b036_9e7f_cover@2x-4-pokojowe-mieszkanie-bialystok-dziesieciny.webp
Białystok,Bagnówka,3,62,634000,10226,Pośrednik,,18,https://adresowo.pl/o/mieszkanie-bialystok-bagnowka-3-pokojowe-62-m2-n8l3u3,https://s2.adresowa.pl/oi/1a/25/408dd6_a35d_cover@2x-3-pokojowe-mieszkanie-bialystok-bagnowka.webp
Białystok Starosielce,ul. Ateńska 3,3,50,499000,9980,Pośrednik,,14,https://adresowo.pl/o/mieszkanie-bialystok-starosielce-ul-atenska-3-pokojowe-a0z7i5,https://s2.adresowa.pl/oi/64/18/407fc0_28d7_cover@2x-3-pokojowe-mieszkanie-bialystok-starosielce-ul-atenska.webp
Białystok Zielone Wzgórza,ul. Zielonogórska,2,50,465000,9300,bez pośredników,,8,https://adresowo.pl/o/mieszkanie-bialystok-zielone-wzgorza-ul-zielonogorska-2-pokojowe-f7x7a0,https://s2.adresowa.pl/oi/65/55/40aeda_cce3_cover@2x-2-pokojowe-mieszkanie-bialystok-zielone-wzgorza-ul-zielonogorska.webp
Białystok Bojary,ul. Jana Sobieskiego,2,41,589000,14366,bez pośredników,,14,https://adresowo.pl/o/mieszkanie-bialystok-bojary-ul-jana-sobieskiego-2-pokojowe-j4q4f4,https://s2.adresowa.pl/oi/6f/5d/40abf4_666f_cover@2x-2-pokojowe-mieszkanie-bialystok-bojary-ul-jana-sobieskiego.webp
Białystok,ul. Brukowa,3,83,1080000,13012,bez pośredników,,7,https://adresowo.pl/o/mieszkanie-bialystok-ul-brukowa-3-pokojowe-n5t3y5,https://s2.adresowa.pl/oi/77/24/40a9f8_d94d_cover@2x-3-pokojowe-mieszkanie-bialystok-ul-brukowa.webp
Białystok Starosielce,ul. Ateńskiej 3,3,47,469000,9979,Pośrednik,,13,https://adresowo.pl/o/mieszkanie-bialystok-starosielce-ul-atenskiej-3-pokojowe-h7b9s9,https://s2.adresowa.pl/oi/37/51/407fbc_6687_cover@2x-3-pokojowe-mieszkanie-bialystok-starosielce-ul-atenskiej.webp
Białystok Nowe Miasto,ul. Świętego Jerzego,3,60,519000,8650,Pośrednik,,13,https://adresowo.pl/o/mieszkanie-bialystok-nowe-miasto-ul-swietego-jerzego-3-pokojowe-r5q2x3,https://s2.adresowa.pl/oi/21/74/404e68_41c1_cover@2x-3-pokojowe-mieszkanie-bialystok-nowe-miasto-ul-swietego-jerzego.webp
Białystok Nowe Miasto,ul. Wiejska,4,77,678000,8805,bez pośredników,,19,https://adresowo.pl/o/mieszkanie-bialystok-nowe-miasto-ul-wiejska-4-pokojowe-p8s9d1,https://s2.adresowa.pl/oi/40/7d/40a7a2_fdeb_cover@2x-4-pokojowe-mieszkanie-bialystok-nowe-miasto-ul-wiejska.webp
Białystok Piasta,ul. Bolesława Chrobrego,3,53,475000,8962,bez pośredników,,20,https://adresowo.pl/o/mieszkanie-bialystok-piasta-ul-boleslawa-chrobrego-3-pokojowe-c9l7f6,https://s2.adresowa.pl/oi/78/3d/40a784_7d23_cover@2x-3-pokojowe-mieszkanie-bialystok-piasta-ul-boleslawa-chrobrego.webp
Białystok Dziesięciny,ul. Gajowa 62,3,60,439000,7317,bez pośredników,,8,https://adresowo.pl/o/mieszkanie-bialystok-dziesieciny-ul-gajowa-3-pokojowe-f8g4o8,https://s2.adresowa.pl/oi/25/43/40a738_b5e9_cover@2x-3-pokojowe-mieszkanie-bialystok-dziesieciny-ul-gajowa.webp
Białystok Antoniuk,ul. Władysława Broniewskiego,4,54,570000,10556,Pośrednik,,12,https://adresowo.pl/o/mieszkanie-bialystok-antoniuk-ul-wladyslawa-broniewskiego-4-pokojowe-o3j3d1,https://s2.adresowa.pl/oi/6d/21/3ff786_cc04_cover@2x-4-pokojowe-mieszkanie-bialystok-antoniuk-ul-wladyslawa-broniewskiego.webp
Białystok Wygoda,ul. 42 Pułku Piechoty 72D,4,65,799000,12292,Pośrednik,,17,https://adresowo.pl/o/mieszkanie-bialystok-wygoda-ul-42-pulku-piechoty-4-pokojowe-y5s4h3,https://s2.adresowa.pl/oi/72/1e/3fea74_27e1_cover@2x-4-pokojowe-mieszkanie-bialystok-wygoda-ul-42-pulku-piechoty.webp
Białystok Piaski,ul. Mazowiecka,2,45,568500,12633,bez pośredników,,25,https://adresowo.pl/o/mieszkanie-bialystok-piaski-ul-mazowiecka-2-pokojowe-a1z8v5,https://s2.adresowa.pl/oi/77/39/40a710_47d5_cover@2x-2-pokojowe-mieszkanie-bialystok-piaski-ul-mazowiecka.webp
Białystok Antoniuk,ul. Władysława Broniewskiego,3,54,405000,7500,bez pośredników,,5,https://adresowo.pl/o/mieszkanie-bialystok-antoniuk-ul-wladyslawa-broniewskiego-3-pokojowe-f0i2f6,https://s2.adresowa.pl/oi/22/6f/40a6a6_5a83_cover@2x-3-pokojowe-mieszkanie-bialystok-antoniuk-ul-wladyslawa-broniewskiego.webp
Białystok Centrum,ul. Bohaterów Getta,2,50,410000,8200,bez pośredników,,6,https://adresowo.pl/o/mieszkanie-bialystok-centrum-ul-bohaterow-getta-2-pokojowe-z4x1w1,https://s2.adresowa.pl/oi/68/1b/40a62e_5ba8_cover@2x-2-pokojowe-mieszkanie-bialystok-centrum-ul-bohaterow-getta.webp
Białystok Nowe Miasto,ul. Transportowa,3,61,590000,9672,Pośrednik,,15,https://adresowo.pl/o/mieszkanie-bialystok-nowe-miasto-ul-transportowa-3-pokojowe-v0o4l2,https://s2.adresowa.pl/oi/10/57/3fcc0a_354a_cover@2x-3-pokojowe-mieszkanie-bialystok-nowe-miasto-ul-transportowa.webp
Białystok Dziesięciny,ul. Generała Józefa Hallera,2,48,380000,7917,Pośrednik,,14,https://adresowo.pl/o/mieszkanie-bialystok-dziesieciny-ul-generala-jozefa-hallera-2-pokojowe-s3u7h5,https://s2.adresowa.pl/oi/56/2d/3f7750_fdd5_cover@2x-2-pokojowe-mieszkanie-bialystok-dziesieciny-ul-generala-jozefa-hallera.webp
Białystok,Wysoki Stoczek,3,47,460000,9787,bez pośredników,,1,https://adresowo.pl/o/mieszkanie-bialystok-wysoki-stoczek-3-pokojowe-47-m2-h8q3o7,https://s2.adresowa.pl/oi/56/34/40a54e_b5b3_cover@2x-3-pokojowe-mieszkanie-bialystok-wysoki-stoczek.webp
Białystok Dziesięciny,ul. Cedrowa,4,56,650000,11607,bez pośredników,,20,https://adresowo.pl/o/mieszkanie-bialystok-dziesieciny-ul-cedrowa-4-pokojowe-y1m7s5,https://s2.adresowa.pl/oi/15/71/409a66_c36e_cover@2x-4-pokojowe-mieszkanie-bialystok-dziesieciny-ul-cedrowa.webp
Białystok Antoniuk,ul. Ukośna,3,48,369000,7688,bez pośredników,,10,https://adresowo.pl/o/mieszkanie-bialystok-antoniuk-ul-ukosna-3-pokojowe-u5c8a0,https://s2.adresowa.pl/oi/48/6e/409a5c_8871_cover@2x-3-pokojowe-mieszkanie-bialystok-antoniuk-ul-ukosna.webp
Białystok Wysoki Stoczek,ul. Łagodna,3,48,379000,7896,Pośrednik,,10,https://adresowo.pl/o/mieszkanie-bialystok-wysoki-stoczek-ul-lagodna-3-pokojowe-p4i7i0,https://s2.adresowa.pl/oi/32/55/3f4c36_839b_cover@2x-3-pokojowe-mieszkanie-bialystok-wysoki-stoczek-ul-lagodna.webp
Białystok,ul. Władysława Broniewskiego,2,41,434000,10585,Pośrednik,,6,https://adresowo.pl/o/mieszkanie-bialystok-ul-wladyslawa-broniewskiego-2-pokojowe-u9f5x5,https://s2.adresowa.pl/oi/64/18/3f3b6c_cee3_cover@2x-2-pokojowe-mieszkanie-bialystok-ul-wladyslawa-broniewskiego.webp
Białystok Piasta,ul. Skorupska,3,49,539000,11000,bez pośredników,,15,https://adresowo.pl/o/mieszkanie-bialystok-piasta-ul-skorupska-3-pokojowe-w3b7x3,https://s2.adresowa.pl/oi/25/6b/4099ba_a34e_cover@2x-3-pokojowe-mieszkanie-bialystok-piasta-ul-skorupska.webp
Białystok Sienkiewicza,ul. Ciepła,3,44,665000,15114,bez pośredników,,1,https://adresowo.pl/o/mieszkanie-bialystok-sienkiewicza-ul-ciepla-3-pokojowe-s1h6l4,https://s2.adresowa.pl/oi/1e/28/409852_a328_cover@2x-3-pokojowe-mieszkanie-bialystok-sienkiewicza-ul-ciepla.webp
Białystok Dojlidy,ul. Żubrów,3,63,785000,12460,bez pośredników,,14,https://adresowo.pl/o/mieszkanie-bialystok-dojlidy-ul-zubrow-3-pokojowe-q1j4o2,https://s2.adresowa.pl/oi/22/1f/40984e_5bf6_cover@2x-3-pokojowe-mieszkanie-bialystok-dojlidy-ul-zubrow.webp
Białystok Dziesięciny,ul. Gajowa,3,48,525000,10938,Pośrednik,,3,https://adresowo.pl/o/mieszkanie-bialystok-dziesieciny-ul-gajowa-3-pokojowe-o4t4k4,https://s2.adresowa.pl/oi/2a/19/3f342a_710c_cover@2x-3-pokojowe-mieszkanie-bialystok-dziesieciny-ul-gajowa.webp
Białystok Sienkiewicza,ul. Nowogródzka,3,53,639000,12057,Pośrednik,,13,https://adresowo.pl/o/mieszkanie-bialystok-sienkiewicza-ul-nowogrodzka-3-pokojowe-d9u3k5,https://s2.adresowa.pl/oi/41/61/3f32ea_7dd2_cover@2x-3-pokojowe-mieszkanie-bialystok-sienkiewicza-ul-nowogrodzka.webp
Białystok Piasta,ul. Bolesława Chrobrego,2,32,290000,9062,bez pośredników,,6,https://adresowo.pl/o/mieszkanie-bialystok-piasta-ul-boleslawa-chrobrego-2-pokojowe-t9i2t9,https://s2.adresowa.pl/oi/3e/7e/409640_60c3_cover@2x-2-pokojowe-mieszkanie-bialystok-piasta-ul-boleslawa-chrobrego.webp
Białystok Leśna Dolina,ul. ks. Jerzego Popiełuszki,3,48,359000,7479,bez pośredników,,11,https://adresowo.pl/o/mieszkanie-bialystok-lesna-dolina-ul-ks-jerzego-popieluszki-3-pokojowe-v7k9j8,https://s2.adresowa.pl/oi/13/26/409406_5faf_cover@2x-3-pokojowe-mieszkanie-bialystok-lesna-dolina-ul-ks-jerzego-popieluszki.webp
Białystok Jaroszówka,ul. Jaroszówka,4,87,779000,8954,Pośrednik,,15,https://adresowo.pl/o/mieszkanie-bialystok-jaroszowka-ul-jaroszowka-4-pokojowe-o1b1i7,https://s2.adresowa.pl/oi/70/66/3f3286_5229_cover@2x-4-pokojowe-mieszkanie-bialystok-jaroszowka-ul-jaroszowka.webp
Białystok Bojary,ul. Józefa Ignacego Kraszewskiego 45B,2,32,519000,16219,Pośrednik,,21,https://adresowo.pl/o/mieszkanie-bialystok-bojary-ul-jozefa-ignacego-kraszewskiego-2-pokojowe-x6v3o3,https://s2.adresowa.pl/oi/6a/6f/3f20ce_d57d_cover@2x-2-pokojowe-mieszkanie-bialystok-bojary-ul-jozefa-ignacego-kraszewskiego.webp
Białystok Nowe Miasto,ul. Wiejska,4,57,525000,9211,bez pośredników,,26,https://adresowo.pl/o/mieszkanie-bialystok-nowe-miasto-ul-wiejska-4-pokojowe-r1w8p7,https://s2.adresowa.pl/oi/5d/36/405e82_cdea_cover@2x-4-pokojowe-mieszkanie-bialystok-nowe-miasto-ul-wiejska.webp
Białystok,Słoneczny Stok,3,65,568500,8746,bez pośredników,,9,https://adresowo.pl/o/mieszkanie-bialystok-sloneczny-stok-3-pokojowe-65-m2-v2j1o3,https://s2.adresowa.pl/oi/4e/77/408dbc_b356_cover@2x-3-pokojowe-mieszkanie-bialystok-sloneczny-stok.webp
Białystok Wysoki Stoczek,ul. Swobodna,3,60,470000,7833,bez pośredników,,8,https://adresowo.pl/o/mieszkanie-bialystok-wysoki-stoczek-ul-swobodna-3-pokojowe-a7c2h2,https://s2.adresowa.pl/oi/7f/4c/408944_6279_cover@2x-3-pokojowe-mieszkanie-bialystok-wysoki-stoczek-ul-swobodna.webp
Białystok Antoniuk,ul. Juliana Tuwima,1,28,280000,10000,bez pośredników,,14,https://adresowo.pl/o/mieszkanie-bialystok-antoniuk-ul-juliana-tuwima-1-pokoj-i9n9m7,https://s2.adresowa.pl/oi/51/39/4086f8_cc26_cover@2x-1-pokojowe-mieszkanie-bialystok-antoniuk-ul-juliana-tuwima.webp
Białystok Centrum,ul. Proletariacka,2,49,385000,7857,Pośrednik,,9,https://adresowo.pl/o/mieszkanie-bialystok-centrum-ul-proletariacka-2-pokojowe-l0u8v4,https://s2.adresowa.pl/oi/43/79/3f051e_54b6_cover@2x-2-pokojowe-mieszkanie-bialystok-centrum-ul-proletariacka.webp
Białystok Dziesięciny,ul. Leszczynowa,2,45,650000,14444,Pośrednik,,20,https://adresowo.pl/o/mieszkanie-bialystok-dziesieciny-ul-leszczynowa-2-pokojowe-c5y9j1,https://s2.adresowa.pl/oi/29/37/3eb29c_568a_cover@2x-2-pokojowe-mieszkanie-bialystok-dziesieciny-ul-leszczynowa.webp
Białystok Dziesięciny,ul. Zagórna,3,37,449000,12135,bez pośredników,,5,https://adresowo.pl/o/mieszkanie-bialystok-dziesieciny-ul-zagorna-3-pokojowe-r7t9v3,https://s2.adresowa.pl/oi/11/18/408306_ec99_cover@2x-3-pokojowe-mieszkanie-bialystok-dziesieciny-ul-zagorna.webp
Białystok Centrum,ul. Włókiennicza,2,46,499999,10870,bez pośredników,,8,https://adresowo.pl/o/mieszkanie-bialystok-centrum-ul-wlokiennicza-2-pokojowe-b0o5y5,https://s2.adresowa.pl/oi/66/77/407d7c_6ed8_cover@2x-2-pokojowe-mieszkanie-bialystok-centrum-ul-wlokiennicza.webp
Białystok Centrum,ul. Jerzego Waszyngtona,2,32,325000,10156,bez pośredników,,6,https://adresowo.pl/o/mieszkanie-bialystok-centrum-ul-jerzego-waszyngtona-2-pokojowe-g0m0c9,https://s2.adresowa.pl/oi/6a/28/407cfa_a7b7_cover@2x-2-pokojowe-mieszkanie-bialystok-centrum-ul-jerzego-waszyngtona.webp
Białystok Wygoda,ul. Józefa Karola Puchalskiego,3,64,950000,14844,Pośrednik,,15,https://adresowo.pl/o/mieszkanie-bialystok-wygoda-ul-jozefa-karola-puchalskiego-3-pokojowe-o6w2z7,https://s2.adresowa.pl/oi/2c/20/3eaad0_abb5_cover@2x-3-pokojowe-mieszkanie-bialystok-wygoda-ul-jozefa-karola-puchalskiego.webp
Białystok Antoniuk,ul. Wierzbowa,2,41,355000,8659,Pośrednik,,9,https://adresowo.pl/o/mieszkanie-bialystok-antoniuk-ul-wierzbowa-2-pokojowe-u8o3c7,https://s2.adresowa.pl/oi/6b/2f/3e95d6_6aba_cover@2x-2-pokojowe-mieszkanie-bialystok-antoniuk-ul-wierzbowa.webp
Białystok Antoniuk,ul. Antoniukowska,2,45,585000,13000,bez pośredników,,8,https://adresowo.pl/o/mieszkanie-bialystok-antoniuk-ul-antoniukowska-2-pokojowe-r9z9d7,https://s2.adresowa.pl/oi/12/35/407cb4_3149_cover@2x-2-pokojowe-mieszkanie-bialystok-antoniuk-ul-antoniukowska.webp
Białystok Piasta,ul. Sybiraków,3,56,649999,11607,bez pośredników,,8,https://adresowo.pl/o/mieszkanie-bialystok-piasta-ul-sybirakow-3-pokojowe-g4b4d8,https://s2.adresowa.pl/oi/46/7c/4079d2_eb7a_cover@2x-3-pokojowe-mieszkanie-bialystok-piasta-ul-sybirakow.webp
Białystok Zawady,ul. Atłasowa,4,62,645000,10403,bez pośredników,,10,https://adresowo.pl/o/mieszkanie-bialystok-zawady-ul-atlasowa-4-pokojowe-s9d9u0,https://s2.adresowa.pl/oi/18/5d/4076e8_d694_cover@2x-4-pokojowe-mieszkanie-bialystok-zawady-ul-atlasowa.webp
Białystok Wysoki Stoczek,al. Jana Pawła II,2,44,330000,7500,Pośrednik,,10,https://adresowo.pl/o/mieszkanie-bialystok-wysoki-stoczek-al-jana-pawla-ii-2-pokojowe-d1d4c0,https://s2.adresowa.pl/oi/75/79/3e95c8_53b1_cover@2x-2-pokojowe-mieszkanie-bialystok-wysoki-stoczek-al-jana-pawla-ii.webp
Białystok,ul. Jana Kochanowskiego,3,58,749900,12929,Pośrednik,,18,https://adresowo.pl/o/mieszkanie-bialystok-ul-jana-kochanowskiego-3-pokojowe-g1h6m1,https://s2.adresowa.pl/oi/6d/4b/3e8200_6888_cover@2x-3-pokojowe-mieszkanie-bialystok-ul-jana-kochanowskiego.webp
Białystok Bojary,ul. Słonimska,4,88,885000,10057,bez pośredników,,18,https://adresowo.pl/o/mieszkanie-bialystok-bojary-ul-slonimska-4-pokojowe-d9v6i2,https://s2.adresowa.pl/oi/49/4f/4074de_a61d_cover@2x-4-pokojowe-mieszkanie-bialystok-bojary-ul-slonimska.webp
Białystok Piaski,ul. Marii Skłodowskiej-Curie,2,34,459000,13500,bez pośredników,,8,https://adresowo.pl/o/mieszkanie-bialystok-piaski-ul-marii-sklodowskiej-curie-2-pokojowe-x1d9l2,https://s2.adresowa.pl/oi/16/2f/4073f4_b3f6_cover@2x-2-pokojowe-mieszkanie-bialystok-piaski-ul-marii-sklodowskiej-curie.webp
Białystok Bojary,ul. Złota,2,33,369000,11182,bez pośredników,,7,https://adresowo.pl/o/mieszkanie-bialystok-bojary-ul-zlota-2-pokojowe-d0z3o2,https://s2.adresowa.pl/oi/28/46/406c8c_b610_cover@2x-2-pokojowe-mieszkanie-bialystok-bojary-ul-zlota.webp
Białystok Piasta,ul. Mieszka I 1,2,32,299000,9344,Pośrednik,,10,https://adresowo.pl/o/mieszkanie-bialystok-piasta-ul-mieszka-i-2-pokojowe-p5r1k0,https://s2.adresowa.pl/oi/31/15/3de138_4719_cover@2x-2-pokojowe-mieszkanie-bialystok-piasta-ul-mieszka-i.webp
Białystok,ul. Hetmańska,3,52,579990,11154,Pośrednik,,11,https://adresowo.pl/o/mieszkanie-bialystok-ul-hetmanska-3-pokojowe-r9i8f2,https://s2.adresowa.pl/oi/32/2b/3d80b8_32f3_cover@2x-3-pokojowe-mieszkanie-bialystok-ul-hetmanska.webp
Białystok Piasta,ul. Piastowska,2,35,330000,9429,bez pośredników,,4,https://adresowo.pl/o/mieszkanie-bialystok-piasta-ul-piastowska-2-pokojowe-k9k2i3,https://s2.adresowa.pl/oi/2e/43/406abe_3420_cover@2x-2-pokojowe-mieszkanie-bialystok-piasta-ul-piastowska.webp
Białystok Słoneczny Stok,ul. Wincentego Witosa,2,48,449000,9354,bez pośredników,,13,https://adresowo.pl/o/mieszkanie-bialystok-sloneczny-stok-ul-wincentego-witosa-2-pokojowe-t3w8a8,https://s2.adresowa.pl/oi/13/40/406394_b8ab_cover@2x-2-pokojowe-mieszkanie-bialystok-sloneczny-stok-ul-wincentego-witosa.webp
Białystok Wygoda,ul. Romualda Traugutta,2,38,330000,8684,bez pośredników,,3,https://adresowo.pl/o/mieszkanie-bialystok-wygoda-ul-romualda-traugutta-2-pokojowe-n8q5q9,https://s2.adresowa.pl/oi/79/76/406280_c3e1_cover@2x-2-pokojowe-mieszkanie-bialystok-wygoda-ul-romualda-traugutta.webp
Białystok,ul. Artura Grottgera,3,64,689000,10766,Pośrednik,,12,https://adresowo.pl/o/mieszkanie-bialystok-ul-artura-grottgera-3-pokojowe-r1f3c0,https://s2.adresowa.pl/oi/52/17/3d6b22_90a8_cover@2x-3-pokojowe-mieszkanie-bialystok-ul-artura-grottgera.webp
Białystok,ul. Wierzbowa,2,37,405900,10970,Pośrednik,,9,https://adresowo.pl/o/mieszkanie-bialystok-ul-wierzbowa-2-pokojowe-w2a1d4,https://s2.adresowa.pl/oi/26/7e/3d38f6_5044_cover@2x-2-pokojowe-mieszkanie-bialystok-ul-wierzbowa.webp
Białystok Dziesięciny,ul. Palmowa,2,33,369000,11182,bez pośredników,,14,https://adresowo.pl/o/mieszkanie-bialystok-dziesieciny-ul-palmowa-2-pokojowe-r7d5l2,https://s2.adresowa.pl/oi/7a/7e/4060fc_fbf6_cover@2x-2-pokojowe-mieszkanie-bialystok-dziesieciny-ul-palmowa.webp
Białystok,ul. Jana Klemensa Branickiego,2,32,437900,13684,bez pośredników,,6,https://adresowo.pl/o/mieszkanie-bialystok-ul-jana-klemensa-branickiego-2-pokojowe-e3u1w3,https://s2.adresowa.pl/oi/17/59/406066_edc8_cover@2x-2-pokojowe-mieszkanie-bialystok-ul-jana-klemensa-branickiego.webp
Białystok Antoniuk,ul. Wierzbowa 2,2,45,659000,14644,bez pośredników,,13,https://adresowo.pl/o/mieszkanie-bialystok-antoniuk-ul-wierzbowa-2-pokojowe-o4i9q7,https://s2.adresowa.pl/oi/11/24/405768_76b9_cover@2x-2-pokojowe-mieszkanie-bialystok-antoniuk-ul-wierzbowa.webp
Białystok Centrum,ul. Icchoka Malmeda,2,43,539000,12535,Pośrednik,,17,https://adresowo.pl/o/mieszkanie-bialystok-centrum-ul-icchoka-malmeda-2-pokojowe-e7i9x9,https://s2.adresowa.pl/oi/1f/26/3d38e8_7923_cover@2x-2-pokojowe-mieszkanie-bialystok-centrum-ul-icchoka-malmeda.webp
Białystok Centrum,ul. Czysta,2,35,464900,13283,Pośrednik,,18,https://adresowo.pl/o/mieszkanie-bialystok-centrum-ul-czysta-2-pokojowe-l7o0j6,https://s2.adresowa.pl/oi/4a/2e/3d293e_629a_cover@2x-2-pokojowe-mieszkanie-bialystok-centrum-ul-czysta.webp
Białystok Antoniuk,ul. Władysława Broniewskiego,3,54,405000,7500,bez pośredników,,13,https://adresowo.pl/o/mieszkanie-bialystok-antoniuk-ul-wladyslawa-broniewskiego-3-pokojowe-f9m9k0,https://s2.adresowa.pl/oi/1e/43/405310_84d3_cover@2x-3-pokojowe-mieszkanie-bialystok-antoniuk-ul-wladyslawa-broniewskiego.webp
Białystok Os. Młodych,ul. Prowiantowa,3,52,690000,13269,bez pośredników,,13,https://adresowo.pl/o/mieszkanie-bialystok-os-mlodych-ul-prowiantowa-3-pokojowe-m2e1q7,https://s2.adresowa.pl/oi/24/30/404e7e_c6b8_cover@2x-3-pokojowe-mieszkanie-bialystok-os-mlodych-ul-prowiantowa.webp
Białystok Dziesięciny,ul. Gajowa,2,45,442000,9822,bez pośredników,,9,https://adresowo.pl/o/mieszkanie-bialystok-dziesieciny-ul-gajowa-2-pokojowe-h2v3f2,https://s2.adresowa.pl/oi/4b/1f/404948_e635_cover@2x-2-pokojowe-mieszkanie-bialystok-dziesieciny-ul-gajowa.webp
Białystok,Bojary,4,90,899000,9989,Pośrednik,,20,https://adresowo.pl/o/mieszkanie-bialystok-bojary-4-pokojowe-90-m2-v3a8f7,https://s2.adresowa.pl/oi/24/37/3ceaa6_27f3_cover@2x-4-pokojowe-mieszkanie-bialystok-bojary.webp
Białystok,ul. Świętojańska,3,45,539000,11978,Pośrednik,,32,https://adresowo.pl/o/mieszkanie-bialystok-ul-swietojanska-3-pokojowe-e8p9q1,https://s2.adresowa.pl/oi/68/2e/3cea9c_f74a_cover@2x-3-pokojowe-mieszkanie-bialystok-ul-swietojanska.webp
Białystok Dojlidy,ul. Plażowa,3,68,799000,11750,bez pośredników,,8,https://adresowo.pl/o/mieszkanie-bialystok-dojlidy-ul-plazowa-3-pokojowe-p5s8w5,https://s2.adresowa.pl/oi/17/6c/404892_feaa_cover@2x-3-pokojowe-mieszkanie-bialystok-dojlidy-ul-plazowa.webp
Białystok Centrum,ul. gen. Józefa Bema,3,39,469000,12026,bez pośredników,,8,https://adresowo.pl/o/mieszkanie-bialystok-centrum-ul-gen-jozefa-bema-3-pokojowe-f8h8o3,https://s2.adresowa.pl/oi/26/38/40487c_3d8f_cover@2x-3-pokojowe-mieszkanie-bialystok-centrum-ul-gen-jozefa-bema.webp
Białystok Centrum,pl. Rynek Kościuszki,2,38,490000,12895,bez pośredników,,8,https://adresowo.pl/o/mieszkanie-bialystok-centrum-pl-rynek-kosciuszki-2-pokojowe-q8o1k1,https://s2.adresowa.pl/oi/56/51/40480a_dd99_cover@2x-2-pokojowe-mieszkanie-bialystok-centrum-pl-rynek-kosciuszki.webp
Białystok,ul. gen. Józefa Bema,4,48,514999,10729,Pośrednik,,16,https://adresowo.pl/o/mieszkanie-bialystok-ul-gen-jozefa-bema-4-pokojowe-t4d9m5,https://s2.adresowa.pl/oi/40/6e/3ca95c_eaf7_cover@2x-4-pokojowe-mieszkanie-bialystok-ul-gen-jozefa-bema.webp
Białystok Starosielce,ul. Klepacka,3,48,499000,10396,Pośrednik,,9,https://adresowo.pl/o/mieszkanie-bialystok-starosielce-ul-klepacka-3-pokojowe-p4y6y6,https://s2.adresowa.pl/oi/49/35/3ca594_a4d9_cover@2x-3-pokojowe-mieszkanie-bialystok-starosielce-ul-klepacka.webp
Białystok Zielone Wzgórza,ul. Lawendowa,2,51,465000,9118,bez pośredników,,8,https://adresowo.pl/o/mieszkanie-bialystok-zielone-wzgorza-ul-lawendowa-2-pokojowe-o8i7z5,https://s2.adresowa.pl/oi/17/63/4046d8_b7bb_cover@2x-2-pokojowe-mieszkanie-bialystok-zielone-wzgorza-ul-lawendowa.webp
Białystok Bojary,ul. Bolesława Chrobrego,2,44,440000,10000,bez pośredników,,7,https://adresowo.pl/o/mieszkanie-bialystok-bojary-ul-boleslawa-chrobrego-2-pokojowe-w0f8g6,https://s2.adresowa.pl/oi/1c/28/4043d4_28bd_cover@2x-2-pokojowe-mieszkanie-bialystok-bojary-ul-boleslawa-chrobrego.webp
Białystok Nowe Miasto,ul. Transportowa,3,56,682000,12179,bez pośredników,,8,https://adresowo.pl/o/mieszkanie-bialystok-nowe-miasto-ul-transportowa-3-pokojowe-f1e4b1,https://s2.adresowa.pl/oi/70/7f/404368_8b8c_cover@2x-3-pokojowe-mieszkanie-bialystok-nowe-miasto-ul-transportowa.webp
Białystok Starosielce,ul. Klepacka,3,52,435000,8365,Pośrednik,,10,https://adresowo.pl/o/mieszkanie-bialystok-starosielce-ul-klepacka-3-pokojowe-e4q9h9,https://s2.adresowa.pl/oi/32/6f/3ca580_e047_cover@2x-3-pokojowe-mieszkanie-bialystok-starosielce-ul-klepacka.webp
Białystok Piaski,ul. Wesoła,2,38,320000,8421,Pośrednik,,6,https://adresowo.pl/o/mieszkanie-bialystok-piaski-ul-wesola-2-pokojowe-v2v8g4,https://s2.adresowa.pl/oi/74/5d/3c9266_51a9_cover@2x-2-pokojowe-mieszkanie-bialystok-piaski-ul-wesola.webp
Białystok Antoniuk,ul. Antoniukowska,2,41,490000,11951,bez pośredników,,10,https://adresowo.pl/o/mieszkanie-bialystok-antoniuk-ul-antoniukowska-2-pokojowe-s9n6g2,https://s2.adresowa.pl/oi/76/5c/40432c_7e0e_cover@2x-2-pokojowe-mieszkanie-bialystok-antoniuk-ul-antoniukowska.webp
Białystok,ul. kard. Stefana Wyszyńskiego,2,33,330000,10000,bez pośredników,,14,https://adresowo.pl/o/mieszkanie-bialystok-ul-kard-stefana-wyszynskiego-2-pokojowe-f4t6q3,https://s2.adresowa.pl/oi/63/50/403dee_72f8_cover@2x-2-pokojowe-mieszkanie-bialystok-ul-kard-stefana-wyszynskiego.webp
Białystok Piaski,ul. Jerzego Waszyngtona,1,24,366000,15250,bez pośredników,,12,https://adresowo.pl/o/mieszkanie-bialystok-piaski-ul-jerzego-waszyngtona-1-pokoj-r5x2r8,https://s2.adresowa.pl/oi/6a/74/4039ec_be78_cover@2x-1-pokojowe-mieszkanie-bialystok-piaski-ul-jerzego-waszyngtona.webp
Białystok Piasta,ul. Warszawska 109,3,55,900000,16364,Pośrednik,,19,https://adresowo.pl/o/mieszkanie-bialystok-piasta-ul-warszawska-3-pokojowe-y1u2q9,https://s2.adresowa.pl/oi/43/17/3c7d42_a4f4_cover@2x-3-pokojowe-mieszkanie-bialystok-piasta-ul-warszawska.webp
Białystok Centrum,ul. Modlińska,4,107,845000,7897,Pośrednik,,16,https://adresowo.pl/o/mieszkanie-bialystok-centrum-ul-modlinska-4-pokojowe-x4v7o9,https://s2.adresowa.pl/oi/5e/41/3a7328_b2e4_cover@2x-4-pokojowe-mieszkanie-bialystok-centrum-ul-modlinska.webp
Białystok Piasta,ul. Piastowska,2,37,zapytaj,,bez pośredników,,1,https://adresowo.pl/o/mieszkanie-bialystok-piasta-ul-piastowska-2-pokojowe-y9l6i1,https://s2.adresowa.pl/oi/20/38/403892_8691_cover@2x-2-pokojowe-mieszkanie-bialystok-piasta-ul-piastowska.webp
Białystok,Antoniuk,3,48,449000,9354,bez pośredników,,8,https://adresowo.pl/o/mieszkanie-bialystok-antoniuk-3-pokojowe-48-m2-i6k9c5,https://s2.adresowa.pl/oi/5e/30/403758_2e6a_cover@2x-3-pokojowe-mieszkanie-bialystok-antoniuk.webp
Białystok,ul. Piastowska,2,32,365000,11406,bez pośredników,,12,https://adresowo.pl/o/mieszkanie-bialystok-ul-piastowska-2-pokojowe-f3b5e8,https://s2.adresowa.pl/oi/4a/24/402d00_bc0f_cover@2x-2-pokojowe-mieszkanie-bialystok-ul-piastowska.webp
Białystok Antoniuk,ul. Choroszczańska,3,64,860000,13438,Pośrednik,,21,https://adresowo.pl/o/mieszkanie-bialystok-antoniuk-ul-choroszczanska-3-pokojowe-m4l9b4,https://s2.adresowa.pl/oi/5b/6f/3a45c0_7c1d_cover@2x-3-pokojowe-mieszkanie-bialystok-antoniuk-ul-choroszczanska.webp
Białystok Bojary,ul. Józefa Ignacego Kraszewskiego,2,32,499000,15594,Pośrednik,,14,https://adresowo.pl/o/mieszkanie-bialystok-bojary-ul-jozefa-ignacego-kraszewskiego-2-pokojowe-s1r0x5,https://s2.adresowa.pl/oi/48/21/3a45b6_fbcf_cover@2x-2-pokojowe-mieszkanie-bialystok-bojary-ul-jozefa-ignacego-kraszewskiego.webp
Białystok Dziesięciny,ul. Gajowa,3,59,459000,7780,bez pośredników,,11,https://adresowo.pl/o/mieszkanie-bialystok-dziesieciny-ul-gajowa-3-pokojowe-x9g7n1,https://s2.adresowa.pl/oi/39/19/40283e_bc85_cover@2x-3-pokojowe-mieszkanie-bialystok-dziesieciny-ul-gajowa.webp
Białystok,ul. gen. Józefa Bema,2,39,389000,9974,bez pośredników,,12,https://adresowo.pl/o/mieszkanie-bialystok-ul-gen-jozefa-bema-2-pokojowe-i7f8n8,https://s2.adresowa.pl/oi/61/3d/40248c_7293_cover@2x-2-pokojowe-mieszkanie-bialystok-ul-gen-jozefa-bema.webp
Białystok Białostoczek,ul. Białostoczek,3,48,380000,7917,bez pośredników,,11,https://adresowo.pl/o/mieszkanie-bialystok-bialostoczek-ul-bialostoczek-3-pokojowe-z8j7z4,https://s2.adresowa.pl/oi/67/49/402418_eb29_cover@2x-3-pokojowe-mieszkanie-bialystok-bialostoczek-ul-bialostoczek.webp
Białystok Centrum,ul. Piotrkowska,2,55,460000,8364,Pośrednik,,16,https://adresowo.pl/o/mieszkanie-bialystok-centrum-ul-piotrkowska-2-pokojowe-x2s2x8,https://s2.adresowa.pl/oi/2c/16/3a45b4_f282_cover@2x-2-pokojowe-mieszkanie-bialystok-centrum-ul-piotrkowska.webp
Białystok Sienkiewicza,ul. Ciepła 38,3,46,695000,15109,Pośrednik,,16,https://adresowo.pl/o/mieszkanie-bialystok-sienkiewicza-ul-ciepla-3-pokojowe-l8v6d0,https://s2.adresowa.pl/oi/41/25/3a45ac_353b_cover@2x-3-pokojowe-mieszkanie-bialystok-sienkiewicza-ul-ciepla.webp
Białystok Wygoda,ul. 42 Pułku Piechoty,3,59,580000,9831,bez pośredników,,2,https://adresowo.pl/o/mieszkanie-bialystok-wygoda-ul-42-pulku-piechoty-3-pokojowe-h0z3b4,https://s2.adresowa.pl/oi/11/12/402402_9a7f_cover@2x-3-pokojowe-mieszkanie-bialystok-wygoda-ul-42-pulku-piechoty.webp
Białystok Os. Młodych,ul. Adama Asnyka,2,43,499000,11605,bez pośredników,,8,https://adresowo.pl/o/mieszkanie-bialystok-os-mlodych-ul-adama-asnyka-2-pokojowe-o8y1j6,https://s2.adresowa.pl/oi/5d/73/401c2a_301c_cover@2x-2-pokojowe-mieszkanie-bialystok-os-mlodych-ul-adama-asnyka.webp
Białystok Centrum,ul. Ciepła,1,25,385000,15400,bez pośredników,,4,https://adresowo.pl/o/mieszkanie-bialystok-centrum-ul-ciepla-1-pokoj-w7e2i7,https://s2.adresowa.pl/oi/31/7f/401546_3221_cover@2x-1-pokojowe-mieszkanie-bialystok-centrum-ul-ciepla.webp
Białystok Białostoczek,ul. Władysława Bełzy,2,41,460000,11220,Pośrednik,,12,https://adresowo.pl/o/mieszkanie-bialystok-bialostoczek-ul-wladyslawa-belzy-2-pokojowe-t7u2z6,https://s2.adresowa.pl/oi/18/20/3a45a6_2c44_cover@2x-2-pokojowe-mieszkanie-bialystok-bialostoczek-ul-wladyslawa-belzy.webp
Białystok Centrum,ul. Ciepła,3,44,665000,15114,Pośrednik,,21,https://adresowo.pl/o/mieszkanie-bialystok-centrum-ul-ciepla-3-pokojowe-i9w1u5,https://s2.adresowa.pl/oi/58/66/3a4592_b760_cover@2x-3-pokojowe-mieszkanie-bialystok-centrum-ul-ciepla.webp
Białystok Antoniuk,ul. Juliana Tuwima,4,62,450000,7258,bez pośredników,,9,https://adresowo.pl/o/mieszkanie-bialystok-antoniuk-ul-juliana-tuwima-4-pokojowe-e4c4q1,https://s2.adresowa.pl/oi/45/26/40127a_6546_cover@2x-4-pokojowe-mieszkanie-bialystok-antoniuk-ul-juliana-tuwima.webp
Białystok Starosielce,ul. Nowosielska,3,60,425000,7083,bez pośredników,,8,https://adresowo.pl/o/mieszkanie-bialystok-starosielce-ul-nowosielska-3-pokojowe-x4o7y9,https://s2.adresowa.pl/oi/45/7e/40119e_a72a_cover@2x-3-pokojowe-mieszkanie-bialystok-starosielce-ul-nowosielska.webp
Białystok,ul. gen. Józefa Bema,2,42,465000,11071,bez pośredników,,10,https://adresowo.pl/o/mieszkanie-bialystok-ul-gen-jozefa-bema-2-pokojowe-r3u2a2,https://s2.adresowa.pl/oi/75/62/40119c_b693_cover@2x-2-pokojowe-mieszkanie-bialystok-ul-gen-jozefa-bema.webp
Białystok Centrum,al. Józefa Piłsudskiego,1,36,420000,11667,bez pośredników,,7,https://adresowo.pl/o/mieszkanie-bialystok-centrum-al-jozefa-pilsudskiego-1-pokoj-t5j4p0,https://s2.adresowa.pl/oi/40/33/400b84_ebdc_cover@2x-1-pokojowe-mieszkanie-bialystok-centrum-al-jozefa-pilsudskiego.webp
Białystok,ul. Elizy Orzeszkowej 17,3,62,700000,11290,Pośrednik,,21,https://adresowo.pl/o/mieszkanie-bialystok-ul-elizy-orzeszkowej-3-pokojowe-k1k7q0,https://s2.adresowa.pl/oi/13/74/3a4580_9cc1_cover@2x-3-pokojowe-mieszkanie-bialystok-ul-elizy-orzeszkowej.webp
Białystok Białostoczek,ul. Białostoczek,4,84,889000,10583,bez pośredników,,20,https://adresowo.pl/o/mieszkanie-bialystok-bialostoczek-ul-bialostoczek-4-pokojowe-k6o6g1,https://s2.adresowa.pl/oi/5b/71/400b82_6489_cover@2x-4-pokojowe-mieszkanie-bialystok-bialostoczek-ul-bialostoczek.webp
Białystok,Wysoki Stoczek,3,58,510000,8793,bez pośredników,,8,https://adresowo.pl/o/mieszkanie-bialystok-wysoki-stoczek-3-pokojowe-58-m2-i4x4k3,https://s2.adresowa.pl/oi/70/59/400800_91b1_cover@2x-3-pokojowe-mieszkanie-bialystok-wysoki-stoczek.webp
Białystok,Antoniuk,1,29,340000,11724,bez pośredników,,7,https://adresowo.pl/o/mieszkanie-bialystok-antoniuk-1-pokoj-29-m2-i9v4m8,https://s2.adresowa.pl/oi/51/7b/400378_9b11_cover@2x-1-pokojowe-mieszkanie-bialystok-antoniuk.webp
Białystok Zawady,ul. Mroźna,2,32,469000,14656,bez pośredników,,16,https://adresowo.pl/o/mieszkanie-bialystok-zawady-ul-mrozna-2-pokojowe-d5n6h8,https://s2.adresowa.pl/oi/61/6f/3ffe0a_7204_cover@2x-2-pokojowe-mieszkanie-bialystok-zawady-ul-mrozna.webp
Białystok Sienkiewicza,ul. Ciepła,3,45,425000,9444,bez pośredników,,13,https://adresowo.pl/o/mieszkanie-bialystok-sienkiewicza-ul-ciepla-3-pokojowe-j1f0b5,https://s2.adresowa.pl/oi/23/37/3ffd76_594a_cover@2x-3-pokojowe-mieszkanie-bialystok-sienkiewicza-ul-ciepla.webp
Białystok Piaski,ul. Jerzego Waszyngtona,1,37,369000,9973,bez pośredników,,7,https://adresowo.pl/o/mieszkanie-bialystok-piaski-ul-jerzego-waszyngtona-1-pokoj-x8z5g3,https://s2.adresowa.pl/oi/3a/12/3ffca2_ed41_cover@2x-1-pokojowe-mieszkanie-bialystok-piaski-ul-jerzego-waszyngtona.webp
Białystok Nowe Miasto,ul. Kręta,4,108,935000,8657,bez pośredników,,17,https://adresowo.pl/o/mieszkanie-bialystok-nowe-miasto-ul-kreta-4-pokojowe-x5w2k3,https://s2.adresowa.pl/oi/5e/6e/3ff592_59a0_cover@2x-4-pokojowe-mieszkanie-bialystok-nowe-miasto-ul-kreta.webp
Białystok,ul. Młynowa,3,62,899000,14500,bez pośredników,,17,https://adresowo.pl/o/mieszkanie-bialystok-ul-mlynowa-3-pokojowe-d0d7i6,https://s2.adresowa.pl/oi/15/52/3ff56c_8d8f_cover@2x-3-pokojowe-mieszkanie-bialystok-ul-mlynowa.webp
Białystok Dziesięciny,ul. Zagórna,2,32,399000,12469,bez pośredników,,15,https://adresowo.pl/o/mieszkanie-bialystok-dziesieciny-ul-zagorna-2-pokojowe-f0l3a0,https://s2.adresowa.pl/oi/3e/67/3ff20e_3e23_cover@2x-2-pokojowe-mieszkanie-bialystok-dziesieciny-ul-zagorna.webp
Białystok Skorupy,ul. Pomorska,4,67,839900,12536,bez pośredników,,20,https://adresowo.pl/o/mieszkanie-bialystok-skorupy-ul-pomorska-4-pokojowe-v7h1z6,https://s2.adresowa.pl/oi/61/3d/3fed9e_d699_cover@2x-4-pokojowe-mieszkanie-bialystok-skorupy-ul-pomorska.webp
Białystok Antoniuk,ul. Antoniukowska,2,38,498000,13105,bez pośredników,,11,https://adresowo.pl/o/mieszkanie-bialystok-antoniuk-ul-antoniukowska-2-pokojowe-x4z6x6,https://s2.adresowa.pl/oi/50/5b/3fec3a_639d_cover@2x-2-pokojowe-mieszkanie-bialystok-antoniuk-ul-antoniukowska.webp
Białystok,ul. gen. Józefa Bema,4,62,649900,10482,bez pośredników,,8,https://adresowo.pl/o/mieszkanie-bialystok-ul-gen-jozefa-bema-4-pokojowe-o0z7c1,https://s2.adresowa.pl/oi/37/3e/3fe910_5cbc_cover@2x-4-pokojowe-mieszkanie-bialystok-ul-gen-jozefa-bema.webp
Białystok Piaski,ul. Legionowa,4,60,619000,10317,bez pośredników,,10,https://adresowo.pl/o/mieszkanie-bialystok-piaski-ul-legionowa-4-pokojowe-u2l3o9,https://s2.adresowa.pl/oi/20/18/3fe416_ce01_cover@2x-4-pokojowe-mieszkanie-bialystok-piaski-ul-legionowa.webp
Białystok Nowe Miasto,ul. Kazimierza Pułaskiego,3,53,515000,9717,bez pośredników,,10,https://adresowo.pl/o/mieszkanie-bialystok-nowe-miasto-ul-kazimierza-pulaskiego-3-pokojowe-e7e6d3,https://s2.adresowa.pl/oi/1a/30/3fdaa4_5097_cover@2x-3-pokojowe-mieszkanie-bialystok-nowe-miasto-ul-kazimierza-pulaskiego.webp
Białystok Nowe Miasto,ul. Krucza,2,51,489000,9588,bez pośredników,,10,https://adresowo.pl/o/mieszkanie-bialystok-nowe-miasto-ul-krucza-2-pokojowe-f4c3a6,https://s2.adresowa.pl/oi/6c/3a/3fda2e_a380_cover@2x-2-pokojowe-mieszkanie-bialystok-nowe-miasto-ul-krucza.webp
Białystok,ul. Zachodnia,2,43,469000,10907,bez pośredników,,4,https://adresowo.pl/o/mieszkanie-bialystok-ul-zachodnia-2-pokojowe-b1b8y4,https://s2.adresowa.pl/oi/2b/32/3fd420_4ff1_cover@2x-2-pokojowe-mieszkanie-bialystok-ul-zachodnia.webp
Białystok Nowe Miasto,ul. Kazimierza Pułaskiego,2,38,420000,11053,bez pośredników,,12,https://adresowo.pl/o/mieszkanie-bialystok-nowe-miasto-ul-kazimierza-pulaskiego-2-pokojowe-v5a7b8,https://s2.adresowa.pl/oi/2d/53/3fd1f2_e1b8_cover@2x-2-pokojowe-mieszkanie-bialystok-nowe-miasto-ul-kazimierza-pulaskiego.webp
Białystok Wysoki Stoczek,ul. Rzemieślnicza,1,23,300000,13043,bez pośredników,,7,https://adresowo.pl/o/mieszkanie-bialystok-wysoki-stoczek-ul-rzemieslnicza-1-pokoj-s3b5c3,https://s2.adresowa.pl/oi/69/4b/3fcc20_b728_cover@2x-1-pokojowe-mieszkanie-bialystok-wysoki-stoczek-ul-rzemieslnicza.webp
Białystok Leśna Dolina,ul. Bacieczki,3,60,475000,7917,bez pośredników,,42,https://adresowo.pl/o/mieszkanie-bialystok-lesna-dolina-ul-bacieczki-3-pokojowe-r9l8k1,https://s2.adresowa.pl/oi/1d/56/3fcb90_56ab_cover@2x-3-pokojowe-mieszkanie-bialystok-lesna-dolina-ul-bacieczki.webp
Białystok Centrum,ul. Żytnia,2,32,425000,13281,bez pośredników,,9,https://adresowo.pl/o/mieszkanie-bialystok-centrum-ul-zytnia-2-pokojowe-y5q4j7,https://s2.adresowa.pl/oi/55/58/3fca14_a1b7_cover@2x-2-pokojowe-mieszkanie-bialystok-centrum-ul-zytnia.webp
Białystok Antoniuk,ul. Juliana Tuwima,2,24,330000,13750,bez pośredników,,9,https://adresowo.pl/o/mieszkanie-bialystok-antoniuk-ul-juliana-tuwima-2-pokojowe-u7v3o3,https://s2.adresowa.pl/oi/5f/3a/3fc962_4095_cover@2x-2-pokojowe-mieszkanie-bialystok-antoniuk-ul-juliana-tuwima.webp
Białystok Antoniuk,ul. Ukośna,4,57,520000,9123,bez pośredników,,12,https://adresowo.pl/o/mieszkanie-bialystok-antoniuk-ul-ukosna-4-pokojowe-i8b8n2,https://s2.adresowa.pl/oi/41/49/3fc8c0_fae2_cover@2x-4-pokojowe-mieszkanie-bialystok-antoniuk-ul-ukosna.webp
Białystok Dziesięciny,ul. Leszczynowa,3,60,479000,7983,bez pośredników,,8,https://adresowo.pl/o/mieszkanie-bialystok-dziesieciny-ul-leszczynowa-3-pokojowe-u6e6k5,https://s2.adresowa.pl/oi/22/4f/3fc4aa_bc7c_cover@2x-3-pokojowe-mieszkanie-bialystok-dziesieciny-ul-leszczynowa.webp
Białystok Piaski,ul. gen. Józefa Bema,2,38,475000,12500,bez pośredników,,2,https://adresowo.pl/o/mieszkanie-bialystok-piaski-ul-gen-jozefa-bema-2-pokojowe-u1t2j9,https://s2.adresowa.pl/oi/24/41/3fbf38_5038_cover@2x-2-pokojowe-mieszkanie-bialystok-piaski-ul-gen-jozefa-bema.webp
Białystok,ul. Zwierzyniecka,2,29,419000,14448,bez pośredników,,10,https://adresowo.pl/o/mieszkanie-bialystok-ul-zwierzyniecka-2-pokojowe-c0j5z1,https://s2.adresowa.pl/oi/2f/2a/3fb582_d2ff_cover@2x-2-pokojowe-mieszkanie-bialystok-ul-zwierzyniecka.webp
Białystok,ul. Pogodna,3,57,520000,9123,bez pośredników,,7,https://adresowo.pl/o/mieszkanie-bialystok-ul-pogodna-3-pokojowe-g9l6u4,https://s2.adresowa.pl/oi/46/16/3fb0e4_89ea_cover@2x-3-pokojowe-mieszkanie-bialystok-ul-pogodna.webp
Białystok Słoneczny Stok,ul. Skrajna,3,60,569000,9483,bez pośredników,,8,https://adresowo.pl/o/mieszkanie-bialystok-sloneczny-stok-ul-skrajna-3-pokojowe-v4a4y3,https://s2.adresowa.pl/oi/2b/5e/3fadfc_6ac2_cover@2x-3-pokojowe-mieszkanie-bialystok-sloneczny-stok-ul-skrajna.webp
Białystok Nowe Miasto,ul. Kręta,2,39,549000,14077,bez pośredników,,9,https://adresowo.pl/o/mieszkanie-bialystok-nowe-miasto-ul-kreta-2-pokojowe-u6f3q5,https://s2.adresowa.pl/oi/26/28/3fac2c_3222_cover@2x-2-pokojowe-mieszkanie-bialystok-nowe-miasto-ul-kreta.webp
Białystok,Dziesięciny,2,48,500000,10417,bez pośredników,,8,https://adresowo.pl/o/mieszkanie-bialystok-dziesieciny-2-pokojowe-48-m2-q3c7a6,https://s2.adresowa.pl/oi/6a/24/3fa83a_3191_cover@2x-2-pokojowe-mieszkanie-bialystok-dziesieciny.webp
Białystok Nowe Miasto,ul. Transportowa,3,54,730000,13519,bez pośredników,,6,https://adresowo.pl/o/mieszkanie-bialystok-nowe-miasto-ul-transportowa-3-pokojowe-o8c4b1,https://s2.adresowa.pl/oi/75/6c/3fa59c_bec3_cover@2x-3-pokojowe-mieszkanie-bialystok-nowe-miasto-ul-transportowa.webp
Białystok Centrum,ul. Młynowa,3,71,1066393,15020,bez pośredników,,2,https://adresowo.pl/o/mieszkanie-bialystok-centrum-ul-mlynowa-3-pokojowe-u9q2m6,https://s2.adresowa.pl/oi/35/3b/3fa38e_a92e_cover@2x-3-pokojowe-mieszkanie-bialystok-centrum-ul-mlynowa.webp
Białystok Piaski,ul. Jerzego Waszyngtona,1,25,335000,13400,bez pośredników,,7,https://adresowo.pl/o/mieszkanie-bialystok-piaski-ul-jerzego-waszyngtona-1-pokoj-v4k5b5,https://s2.adresowa.pl/oi/5b/28/3fa13c_52f1_cover@2x-1-pokojowe-mieszkanie-bialystok-piaski-ul-jerzego-waszyngtona.webp
Białystok Dziesięciny,ul. Palmowa,2,37,439000,11865,bez pośredników,,11,https://adresowo.pl/o/mieszkanie-bialystok-dziesieciny-ul-palmowa-2-pokojowe-k0g1r9,https://s2.adresowa.pl/oi/4c/1d/3f9998_f4ca_cover@2x-2-pokojowe-mieszkanie-bialystok-dziesieciny-ul-palmowa.webp
Białystok Białostoczek,ul. Olsztyńska,3,48,580000,12083,bez pośredników,,9,https://adresowo.pl/o/mieszkanie-bialystok-bialostoczek-ul-olsztynska-3-pokojowe-p5n9l0,https://s2.adresowa.pl/oi/75/62/3f9330_7275_cover@2x-3-pokojowe-mieszkanie-bialystok-bialostoczek-ul-olsztynska.webp
Białystok Piasta,ul. Piastowska,4,61,550000,9016,bez pośredników,,22,https://adresowo.pl/o/mieszkanie-bialystok-piasta-ul-piastowska-4-pokojowe-b9g9p5,https://s2.adresowa.pl/oi/6d/6e/3f905c_ab48_cover@2x-4-pokojowe-mieszkanie-bialystok-piasta-ul-piastowska.webp
Białystok Centrum,ul. Sukienna,3,52,445000,8558,bez pośredników,,8,https://adresowo.pl/o/mieszkanie-bialystok-centrum-ul-sukienna-3-pokojowe-d9q4w1,https://s2.adresowa.pl/oi/37/3f/3f8f18_8e37_cover@2x-3-pokojowe-mieszkanie-bialystok-centrum-ul-sukienna.webp
Białystok Zielone Wzgórza,ul. Lawendowa,3,63,499000,7921,bez pośredników,,7,https://adresowo.pl/o/mieszkanie-bialystok-zielone-wzgorza-ul-lawendowa-3-pokojowe-a8r1t1,https://s2.adresowa.pl/oi/6a/4f/3f8e5a_e30f_cover@2x-3-pokojowe-mieszkanie-bialystok-zielone-wzgorza-ul-lawendowa.webp
Białystok Bacieczki,ul. rtm. Witolda Pileckiego,3,63,720000,11429,bez pośredników,,1,https://adresowo.pl/o/mieszkanie-bialystok-bacieczki-ul-rtm-witolda-pileckiego-3-pokojowe-u3f6u0,https://s2.adresowa.pl/oi/79/38/3f8cfe_b758_cover@2x-3-pokojowe-mieszkanie-bialystok-bacieczki-ul-rtm-witolda-pileckiego.webp
Białystok Nowe Miasto,ul. Zachodnia,3,60,679000,11317,bez pośredników,,8,https://adresowo.pl/o/mieszkanie-bialystok-nowe-miasto-ul-zachodnia-3-pokojowe-y7k0t2,https://s2.adresowa.pl/oi/7b/62/3f79ea_550e_cover@2x-3-pokojowe-mieszkanie-bialystok-nowe-miasto-ul-zachodnia.webp
Białystok Piaski,ul. Prezydenta Ryszarda Kaczorowskiego,2,44,599000,13614,bez pośredników,,10,https://adresowo.pl/o/mieszkanie-bialystok-piaski-ul-prezydenta-ryszarda-kaczorowskiego-2-pokojowe-i0v7b9,https://s2.adresowa.pl/oi/1c/5d/3f75b6_f4e9_cover@2x-2-pokojowe-mieszkanie-bialystok-piaski-ul-prezydenta-ryszarda-kaczorowskiego.webp
Białystok Zielone Wzgórza,ul. Konwaliowa,3,64,639000,9984,bez pośredników,,6,https://adresowo.pl/o/mieszkanie-bialystok-zielone-wzgorza-ul-konwaliowa-3-pokojowe-k1r1l8,https://s2.adresowa.pl/oi/60/26/3f7334_92ec_cover@2x-3-pokojowe-mieszkanie-bialystok-zielone-wzgorza-ul-konwaliowa.webp
Białystok Leśna Dolina,ul. Szarych Szeregów,1,36,399000,11083,bez pośredników,,15,https://adresowo.pl/o/mieszkanie-bialystok-lesna-dolina-ul-szarych-szeregow-1-pokoj-b3g4t6,https://s2.adresowa.pl/oi/59/1f/3f6f2e_e936_cover@2x-1-pokojowe-mieszkanie-bialystok-lesna-dolina-ul-szarych-szeregow.webp
Białystok Wygoda,ul. Żyzna,3,67,675000,10075,bez pośredników,,20,https://adresowo.pl/o/mieszkanie-bialystok-wygoda-ul-zyzna-3-pokojowe-f9i8c7,https://s2.adresowa.pl/oi/4a/35/3f6ebe_4e4b_cover@2x-3-pokojowe-mieszkanie-bialystok-wygoda-ul-zyzna.webp
Białystok Nowe Miasto,ul. Stanisława Dubois,4,62,628000,10129,bez pośredników,,12,https://adresowo.pl/o/mieszkanie-bialystok-nowe-miasto-ul-stanislawa-dubois-4-pokojowe-m7f1p3,https://s2.adresowa.pl/oi/47/55/3f679e_6644_cover@2x-4-pokojowe-mieszkanie-bialystok-nowe-miasto-ul-stanislawa-dubois.webp
Białystok Antoniuk,ul. Władysława Broniewskiego,3,54,419000,7759,bez pośredników,,1,https://adresowo.pl/o/mieszkanie-bialystok-antoniuk-ul-wladyslawa-broniewskiego-3-pokojowe-p4j4o4,https://s2.adresowa.pl/oi/12/3b/3f66e0_f418_cover@2x-3-pokojowe-mieszkanie-bialystok-antoniuk-ul-wladyslawa-broniewskiego.webp
Białystok Nowe Miasto,ul. Rzemieślnicza,3,59,399000,6763,bez pośredników,,5,https://adresowo.pl/o/mieszkanie-bialystok-nowe-miasto-ul-rzemieslnicza-3-pokojowe-h9t5l7,https://s2.adresowa.pl/oi/3a/40/3f6198_5e4b_cover@2x-3-pokojowe-mieszkanie-bialystok-nowe-miasto-ul-rzemieslnicza.webp
Białystok,ul. gen. Józefa Bema,3,49,528710,10790,bez pośredników,,8,https://adresowo.pl/o/mieszkanie-bialystok-ul-gen-jozefa-bema-3-pokojowe-y7m2a1,https://s2.adresowa.pl/oi/55/3b/3f5f5c_9653_cover@2x-3-pokojowe-mieszkanie-bialystok-ul-gen-jozefa-bema.webp
Białystok,ul. Elizy Orzeszkowej,3,52,415000,7981,bez pośredników,,15,https://adresowo.pl/o/mieszkanie-bialystok-ul-elizy-orzeszkowej-3-pokojowe-c1e4f3,https://s2.adresowa.pl/oi/15/73/3f5b8c_3720_cover@2x-3-pokojowe-mieszkanie-bialystok-ul-elizy-orzeszkowej.webp
Białystok Piasta,ul. Towarowa,2,39,460000,11795,bez pośredników,,8,https://adresowo.pl/o/mieszkanie-bialystok-piasta-ul-towarowa-2-pokojowe-n2o8f9,https://s2.adresowa.pl/oi/58/36/3f557e_5921_cover@2x-2-pokojowe-mieszkanie-bialystok-piasta-ul-towarowa.webp
Białystok Centrum,ul. Józefa Marjańskiego 3,3,77,805000,10455,bez pośredników,,25,https://adresowo.pl/o/mieszkanie-bialystok-centrum-ul-jozefa-marjanskiego-3-pokojowe-i7k8e2,https://s2.adresowa.pl/oi/3d/12/39765e_4743_cover@2x-3-pokojowe-mieszkanie-bialystok-centrum-ul-jozefa-marjanskiego.webp
Białystok,Dojlidy,3,73,640000,8767,bez pośredników,,8,https://adresowo.pl/o/mieszkanie-bialystok-dojlidy-3-pokojowe-73-m2-r0g3r7,https://s2.adresowa.pl/oi/6d/68/3f4d5a_a33e_cover@2x-3-pokojowe-mieszkanie-bialystok-dojlidy.webp
Białystok,Centrum,3,46,350000,7609,bez pośredników,,1,https://adresowo.pl/o/mieszkanie-bialystok-centrum-3-pokojowe-46-m2-i8v5e5,https://s2.adresowa.pl/oi/23/46/3f3854_e430_cover@2x-3-pokojowe-mieszkanie-bialystok-centrum.webp
Białystok Białostoczek,ul. Sokólska,3,61,498000,8164,bez pośredników,,11,https://adresowo.pl/o/mieszkanie-bialystok-bialostoczek-ul-sokolska-3-pokojowe-l2r2c5,https://s2.adresowa.pl/oi/70/39/3f33de_7737_cover@2x-3-pokojowe-mieszkanie-bialystok-bialostoczek-ul-sokolska.webp
Białystok,Antoniuk,3,43,399000,9279,bez pośredników,,8,https://adresowo.pl/o/mieszkanie-bialystok-antoniuk-3-pokojowe-43-m2-i2i3r3,https://s2.adresowa.pl/oi/5d/7f/3f2f66_6b7b_cover@2x-3-pokojowe-mieszkanie-bialystok-antoniuk.webp
Białystok Bacieczki,ul. Komisji Edukacji Narodowej,2,45,509000,11311,bez pośredników,,19,https://adresowo.pl/o/mieszkanie-bialystok-bacieczki-ul-komisji-edukacji-narodowej-2-pokojowe-n9o9g9,https://s2.adresowa.pl/oi/30/24/3f2816_61c7_cover@2x-2-pokojowe-mieszkanie-bialystok-bacieczki-ul-komisji-edukacji-narodowej.webp
Białystok Antoniuk,ul. Juliana Tuwima,2,34,289000,8500,bez pośredników,,7,https://adresowo.pl/o/mieszkanie-bialystok-antoniuk-ul-juliana-tuwima-2-pokojowe-r3q1r1,https://s2.adresowa.pl/oi/1c/33/3f1e30_c53a_cover@2x-2-pokojowe-mieszkanie-bialystok-antoniuk-ul-juliana-tuwima.webp
Białystok Sienkiewicza,ul. Jurowiecka,2,35,543000,15514,bez pośredników,,7,https://adresowo.pl/o/mieszkanie-bialystok-sienkiewicza-ul-jurowiecka-2-pokojowe-p3m3q4,https://s2.adresowa.pl/oi/65/3b/3f12ea_798d_cover@2x-2-pokojowe-mieszkanie-bialystok-sienkiewicza-ul-jurowiecka.webp
Białystok,Sienkiewicza,4,72,685000,9514,bez pośredników,,7,https://adresowo.pl/o/mieszkanie-bialystok-sienkiewicza-4-pokojowe-72-m2-c2f0c0,https://s2.adresowa.pl/oi/19/57/3f0e02_2e80_cover@2x-4-pokojowe-mieszkanie-bialystok-sienkiewicza.webp
Białystok,Centrum,2,45,399500,8878,bez pośredników,,4,https://adresowo.pl/o/mieszkanie-bialystok-centrum-2-pokojowe-45-m2-e4h5x3,https://s2.adresowa.pl/oi/45/2a/3ef75e_435c_cover@2x-2-pokojowe-mieszkanie-bialystok-centrum.webp
Białystok,Bojary,3,48,485000,10104,bez pośredników,,8,https://adresowo.pl/o/mieszkanie-bialystok-bojary-3-pokojowe-48-m2-m8i8s9,https://s2.adresowa.pl/oi/53/29/3ee8b8_4394_cover@2x-3-pokojowe-mieszkanie-bialystok-bojary.webp
Białystok Starosielce,ul. Wasilkowska,3,58,460000,7931,bez pośredników,,6,https://adresowo.pl/o/mieszkanie-bialystok-starosielce-ul-wasilkowska-3-pokojowe-o6r1q3,https://s2.adresowa.pl/oi/1e/57/3ee488_8240_cover@2x-3-pokojowe-mieszkanie-bialystok-starosielce-ul-wasilkowska.webp
Białystok Zielone Wzgórza,al. Niepodległości,3,51,589000,11549,bez pośredników,,18,https://adresowo.pl/o/mieszkanie-bialystok-zielone-wzgorza-al-niepodleglosci-3-pokojowe-y5n5b8,https://s2.adresowa.pl/oi/5b/4d/3ee206_d5f1_cover@2x-3-pokojowe-mieszkanie-bialystok-zielone-wzgorza-al-niepodleglosci.webp
Białystok,ul. Bohaterów Monte Cassino,4,57,589000,10333,bez pośredników,,15,https://adresowo.pl/o/mieszkanie-bialystok-ul-bohaterow-monte-cassino-4-pokojowe-c2r2w7,https://s2.adresowa.pl/oi/42/33/3edde6_2f90_cover@2x-4-pokojowe-mieszkanie-bialystok-ul-bohaterow-monte-cassino.webp
Białystok Centrum,ul. Henryka Sienkiewicza,1,23,300000,13043,bez pośredników,,1,https://adresowo.pl/o/mieszkanie-bialystok-centrum-ul-henryka-sienkiewicza-1-pokoj-g6g2c7,https://s2.adresowa.pl/oi/79/2f/3ed0f2_49ec_cover@2x-1-pokojowe-mieszkanie-bialystok-centrum-ul-henryka-sienkiewicza.webp
Białystok,Centrum,2,48,450000,9375,bez pośredników,,8,https://adresowo.pl/o/mieszkanie-bialystok-centrum-2-pokojowe-48-m2-f8b3e8,https://s2.adresowa.pl/oi/36/7a/3ec812_bf02_cover@2x-2-pokojowe-mieszkanie-bialystok-centrum.webp
Białystok Bacieczki,ul. Józefa Mackiewicza,2,42,445000,10595,bez pośredników,,7,https://adresowo.pl/o/mieszkanie-bialystok-bacieczki-ul-jozefa-mackiewicza-2-pokojowe-s6c9c5,https://s2.adresowa.pl/oi/2f/28/3ec212_d55a_cover@2x-2-pokojowe-mieszkanie-bialystok-bacieczki-ul-jozefa-mackiewicza.webp
Białystok Nowe Miasto,ul. Zachodnia,2,30,375000,12500,bez pośredników,,7,https://adresowo.pl/o/mieszkanie-bialystok-nowe-miasto-ul-zachodnia-2-pokojowe-l7m2b3,https://s2.adresowa.pl/oi/64/17/3eb1a2_4b72_cover@2x-2-pokojowe-mieszkanie-bialystok-nowe-miasto-ul-zachodnia.webp
Białystok Białostoczek,ul. Władysława Bełzy,2,44,633000,14386,bez pośredników,,8,https://adresowo.pl/o/mieszkanie-bialystok-bialostoczek-ul-wladyslawa-belzy-2-pokojowe-o2j5u2,https://s2.adresowa.pl/oi/6f/65/3ea734_a247_cover@2x-2-pokojowe-mieszkanie-bialystok-bialostoczek-ul-wladyslawa-belzy.webp
Białystok Leśna Dolina,ul. Batalionów Chłopskich,4,80,619000,7738,bez pośredników,,15,https://adresowo.pl/o/mieszkanie-bialystok-lesna-dolina-ul-batalionow-chlopskich-4-pokojowe-k4e5y2,https://s2.adresowa.pl/oi/38/11/3ea45a_3841_cover@2x-4-pokojowe-mieszkanie-bialystok-lesna-dolina-ul-batalionow-chlopskich.webp
Białystok Dojlidy,ul. Kawaleryjska,2,38,355000,9342,bez pośredników,,17,https://adresowo.pl/o/mieszkanie-bialystok-dojlidy-ul-kawaleryjska-2-pokojowe-x7s2m8,https://s2.adresowa.pl/oi/47/26/3ea178_860e_cover@2x-2-pokojowe-mieszkanie-bialystok-dojlidy-ul-kawaleryjska.webp
Białystok,ul. Adama Mickiewicza,3,68,748000,11000,bez pośredników,,18,https://adresowo.pl/o/mieszkanie-bialystok-ul-adama-mickiewicza-3-pokojowe-n4u7y0,https://s2.adresowa.pl/oi/49/3f/3e93aa_bfb2_cover@2x-3-pokojowe-mieszkanie-bialystok-ul-adama-mickiewicza.webp
Białystok Centrum,ul. Adama Mickiewicza,3,57,569000,9982,bez pośredników,,11,https://adresowo.pl/o/mieszkanie-bialystok-centrum-ul-adama-mickiewicza-3-pokojowe-v6b8l6,https://s2.adresowa.pl/oi/32/2c/3e8f94_8209_cover@2x-3-pokojowe-mieszkanie-bialystok-centrum-ul-adama-mickiewicza.webp
Białystok Białostoczek,ul. Kozłowa,3,48,440000,9167,bez pośredników,,6,https://adresowo.pl/o/mieszkanie-bialystok-bialostoczek-ul-kozlowa-3-pokojowe-u6y8s9,https://s2.adresowa.pl/oi/27/64/3e804e_cd11_cover@2x-3-pokojowe-mieszkanie-bialystok-bialostoczek-ul-kozlowa.webp
Białystok Piasta,ul. Warszawska,2,32,320000,10000,bez pośredników,,10,https://adresowo.pl/o/mieszkanie-bialystok-piasta-ul-warszawska-2-pokojowe-r5s5b5,https://s2.adresowa.pl/oi/7d/36/3e803a_83e4_cover@2x-2-pokojowe-mieszkanie-bialystok-piasta-ul-warszawska.webp
Białystok,Bojary,2,52,435000,8365,bez pośredników,,8,https://adresowo.pl/o/mieszkanie-bialystok-bojary-2-pokojowe-52-m2-x6j0y2,https://s2.adresowa.pl/oi/7a/52/3e7aa2_8754_cover@2x-2-pokojowe-mieszkanie-bialystok-bojary.webp
Białystok Bojary,ul. Dobra,4,89,1043000,11719,bez pośredników,,20,https://adresowo.pl/o/mieszkanie-bialystok-bojary-ul-dobra-4-pokojowe-g5u1c4,https://s2.adresowa.pl/oi/38/14/3e7802_e7de_cover@2x-4-pokojowe-mieszkanie-bialystok-bojary-ul-dobra.webp
Białystok Leśna Dolina,ul. Bacieczki,3,57,459000,8053,bez pośredników,,13,https://adresowo.pl/o/mieszkanie-bialystok-lesna-dolina-ul-bacieczki-3-pokojowe-w8s1w6,https://s2.adresowa.pl/oi/52/65/3e37c8_dc5a_cover@2x-3-pokojowe-mieszkanie-bialystok-lesna-dolina-ul-bacieczki.webp
Białystok Dojlidy,ul. Borsucza,2,47,459000,9766,bez pośredników,,9,https://adresowo.pl/o/mieszkanie-bialystok-dojlidy-ul-borsucza-2-pokojowe-a7q1r0,https://s2.adresowa.pl/oi/53/28/3e167e_9a6b_cover@2x-2-pokojowe-mieszkanie-bialystok-dojlidy-ul-borsucza.webp
Białystok Wygoda,ul. Storczykowa,3,59,470000,7966,bez pośredników,,8,https://adresowo.pl/o/mieszkanie-bialystok-wygoda-ul-storczykowa-3-pokojowe-d0e7p3,https://s2.adresowa.pl/oi/14/69/3e1302_3c88_cover@2x-3-pokojowe-mieszkanie-bialystok-wygoda-ul-storczykowa.webp
Białystok Piaski,ul. Wesoła,2,36,395000,10972,bez pośredników,,9,https://adresowo.pl/o/mieszkanie-bialystok-piaski-ul-wesola-2-pokojowe-f8o4h9,https://s2.adresowa.pl/oi/3c/76/3e11b6_7cc0_cover@2x-2-pokojowe-mieszkanie-bialystok-piaski-ul-wesola.webp
Białystok Dziesięciny,ul. Zagórna,3,47,430000,9149,bez pośredników,,10,https://adresowo.pl/o/mieszkanie-bialystok-dziesieciny-ul-zagorna-3-pokojowe-e5o9v4,https://s2.adresowa.pl/oi/2b/16/3e0e62_29f5_cover@2x-3-pokojowe-mieszkanie-bialystok-dziesieciny-ul-zagorna.webp
Białystok Sienkiewicza,ul. Ciepła,3,60,649000,10817,bez pośredników,,14,https://adresowo.pl/o/mieszkanie-bialystok-sienkiewicza-ul-ciepla-3-pokojowe-q9u6n4,https://s2.adresowa.pl/oi/4d/76/3e05be_aa71_cover@2x-3-pokojowe-mieszkanie-bialystok-sienkiewicza-ul-ciepla.webp
Białystok Centrum,ul. Jurowiecka,2,38,575000,15132,bez pośredników,,13,https://adresowo.pl/o/mieszkanie-bialystok-centrum-ul-jurowiecka-2-pokojowe-k2n0y8,https://s2.adresowa.pl/oi/3d/4f/3e03e8_ef63_cover@2x-2-pokojowe-mieszkanie-bialystok-centrum-ul-jurowiecka.webp
Białystok Bacieczki,ul. rtm. Witolda Pileckiego,2,48,500000,10417,bez pośredników,,8,https://adresowo.pl/o/mieszkanie-bialystok-bacieczki-ul-rtm-witolda-pileckiego-2-pokojowe-q3g8y6,https://s2.adresowa.pl/oi/2f/43/3de520_417f_cover@2x-2-pokojowe-mieszkanie-bialystok-bacieczki-ul-rtm-witolda-pileckiego.webp
Białystok Piaski,ul. Legionowa,2,51,520000,10196,bez pośredników,,9,https://adresowo.pl/o/mieszkanie-bialystok-piaski-ul-legionowa-2-pokojowe-r5k3u1,https://s2.adresowa.pl/oi/4a/4d/3dc71e_9e36_cover@2x-2-pokojowe-mieszkanie-bialystok-piaski-ul-legionowa.webp
Białystok Centrum,ul. Henryka Sienkiewicza,4,98,1000000,10204,bez pośredników,,8,https://adresowo.pl/o/mieszkanie-bialystok-centrum-ul-henryka-sienkiewicza-4-pokojowe-j3v3u5,https://s2.adresowa.pl/oi/7d/48/3dc596_9daa_cover@2x-4-pokojowe-mieszkanie-bialystok-centrum-ul-henryka-sienkiewicza.webp
Białystok,ul. Jurowiecka,2,24,379900,15829,bez pośredników,,4,https://adresowo.pl/o/mieszkanie-bialystok-ul-jurowiecka-2-pokojowe-f7k3p1,https://s2.adresowa.pl/oi/1e/47/3db9f0_c5e9_cover@2x-2-pokojowe-mieszkanie-bialystok-ul-jurowiecka.webp
Białystok Centrum,pl. Rynek Kościuszki,2,45,559000,12422,bez pośredników,,8,https://adresowo.pl/o/mieszkanie-bialystok-centrum-pl-rynek-kosciuszki-2-pokojowe-v9l2r4,https://s2.adresowa.pl/oi/18/24/3db72e_2d6d_cover@2x-2-pokojowe-mieszkanie-bialystok-centrum-pl-rynek-kosciuszki.webp
Białystok Dojlidy,ul. Żubrów,3,45,549000,12200,bez pośredników,,2,https://adresowo.pl/o/mieszkanie-bialystok-dojlidy-ul-zubrow-3-pokojowe-h1m2v2,https://s2.adresowa.pl/oi/55/73/3daf1c_ff6a_cover@2x-3-pokojowe-mieszkanie-bialystok-dojlidy-ul-zubrow.webp
Białystok Centrum,ul. Adama Mickiewicza,3,61,769000,12607,bez pośredników,,8,https://adresowo.pl/o/mieszkanie-bialystok-centrum-ul-adama-mickiewicza-3-pokojowe-q5v3n3,https://s2.adresowa.pl/oi/41/35/3dae7a_e217_cover@2x-3-pokojowe-mieszkanie-bialystok-centrum-ul-adama-mickiewicza.webp
Białystok,Nowe Miasto,2,45,525000,11667,bez pośredników,,8,https://adresowo.pl/o/mieszkanie-bialystok-nowe-miasto-2-pokojowe-45-m2-z4p5o0,https://s2.adresowa.pl/oi/3d/43/3dae2c_2862_cover@2x-2-pokojowe-mieszkanie-bialystok-nowe-miasto.webp
Białystok Leśna Dolina,ul. Armii Krajowej,3,61,449000,7361,bez pośredników,,6,https://adresowo.pl/o/mieszkanie-bialystok-lesna-dolina-ul-armii-krajowej-3-pokojowe-b4v7g8,https://s2.adresowa.pl/oi/60/50/3d7e78_564b_cover@2x-3-pokojowe-mieszkanie-bialystok-lesna-dolina-ul-armii-krajowej.webp
Białystok Leśna Dolina,ul. Szarych Szeregów,4,74,799000,10797,bez pośredników,,18,https://adresowo.pl/o/mieszkanie-bialystok-lesna-dolina-ul-szarych-szeregow-4-pokojowe-q3t2r6,https://s2.adresowa.pl/oi/58/4e/3d6648_9ae1_cover@2x-4-pokojowe-mieszkanie-bialystok-lesna-dolina-ul-szarych-szeregow.webp
Białystok Antoniuk,ul. Władysława Broniewskiego,3,53,380000,7170,bez pośredników,,5,https://adresowo.pl/o/mieszkanie-bialystok-antoniuk-ul-wladyslawa-broniewskiego-3-pokojowe-m1i2z7,https://s2.adresowa.pl/oi/21/6c/3d65d0_cfa5_cover@2x-3-pokojowe-mieszkanie-bialystok-antoniuk-ul-wladyslawa-broniewskiego.webp
Białystok Białostoczek,ul. Białostoczek,3,66,459000,6955,bez pośredników,,25,https://adresowo.pl/o/mieszkanie-bialystok-bialostoczek-ul-bialostoczek-3-pokojowe-t2y7l4,https://s2.adresowa.pl/oi/13/25/3d3896_ceef_cover@2x-3-pokojowe-mieszkanie-bialystok-bialostoczek-ul-bialostoczek.webp
Białystok Piasta,ul. Mieszka I,2,32,310000,9688,bez pośredników,,1,https://adresowo.pl/o/mieszkanie-bialystok-piasta-ul-mieszka-i-2-pokojowe-t3b3m1,https://s2.adresowa.pl/oi/66/3e/3d31a2_d6dd_cover@2x-2-pokojowe-mieszkanie-bialystok-piasta-ul-mieszka-i.webp
Białystok Wygoda,ul. Walentego Lewandowskiego,3,62,820000,13226,bez pośredników,,16,https://adresowo.pl/o/mieszkanie-bialystok-wygoda-ul-walentego-lewandowskiego-3-pokojowe-j5s6p5,https://s2.adresowa.pl/oi/27/7e/3d25bc_ae6d_cover@2x-3-pokojowe-mieszkanie-bialystok-wygoda-ul-walentego-lewandowskiego.webp
Białystok Antoniuk,ul. Ukośna,3,54,735000,13611,bez pośredników,,22,https://adresowo.pl/o/mieszkanie-bialystok-antoniuk-ul-ukosna-3-pokojowe-a8x0z8,https://s2.adresowa.pl/oi/36/68/3d25a2_9067_cover@2x-3-pokojowe-mieszkanie-bialystok-antoniuk-ul-ukosna.webp
Białystok,Wygoda,3,48,670000,13958,bez pośredników,,8,https://adresowo.pl/o/mieszkanie-bialystok-wygoda-3-pokojowe-48-m2-k3t6a7,https://s2.adresowa.pl/oi/51/11/3d0b90_44bc_cover@2x-3-pokojowe-mieszkanie-bialystok-wygoda.webp
Białystok Nowe Miasto,ul. Kazimierza Pułaskiego,3,57,539000,9456,bez pośredników,,8,https://adresowo.pl/o/mieszkanie-bialystok-nowe-miasto-ul-kazimierza-pulaskiego-3-pokojowe-j7q8z2,https://s2.adresowa.pl/oi/59/37/3d05a4_3082_cover@2x-3-pokojowe-mieszkanie-bialystok-nowe-miasto-ul-kazimierza-pulaskiego.webp
Białystok Os. Młodych,ul. Hetmańska,3,52,495000,9519,bez pośredników,,7,https://adresowo.pl/o/mieszkanie-bialystok-os-mlodych-ul-hetmanska-3-pokojowe-m0a8q6,https://s2.adresowa.pl/oi/65/17/3cff44_6b66_cover@2x-3-pokojowe-mieszkanie-bialystok-os-mlodych-ul-hetmanska.webp
Białystok Piasta,ul. Bolesława Chrobrego,3,58,600000,10345,bez pośredników,,7,https://adresowo.pl/o/mieszkanie-bialystok-piasta-ul-boleslawa-chrobrego-3-pokojowe-x1u7x9,https://s2.adresowa.pl/oi/2e/53/3cda80_5ee7_cover@2x-3-pokojowe-mieszkanie-bialystok-piasta-ul-boleslawa-chrobrego.webp
Białystok Wygoda,ul. Józefa Ignacego Kraszewskiego,3,100,1355940,13559,bez pośredników,,4,https://adresowo.pl/o/mieszkanie-bialystok-wygoda-ul-jozefa-ignacego-kraszewskiego-3-pokojowe-u5v9q2,https://s2.adresowa.pl/oi/50/4c/3cac36_715e_cover@2x-3-pokojowe-mieszkanie-bialystok-wygoda-ul-jozefa-ignacego-kraszewskiego.webp
Białystok Piasta,ul. Towarowa,2,39,339000,8692,bez pośredników,,9,https://adresowo.pl/o/mieszkanie-bialystok-piasta-ul-towarowa-2-pokojowe-b4c2r2,https://s2.adresowa.pl/oi/45/1f/3c7f74_f110_cover@2x-2-pokojowe-mieszkanie-bialystok-piasta-ul-towarowa.webp
Białystok Słoneczny Stok,ul. Wincentego Witosa,2,50,470000,9400,bez pośredników,,9,https://adresowo.pl/o/mieszkanie-bialystok-sloneczny-stok-ul-wincentego-witosa-2-pokojowe-y8d7a3,https://s2.adresowa.pl/oi/70/74/3c7094_3871_cover@2x-2-pokojowe-mieszkanie-bialystok-sloneczny-stok-ul-wincentego-witosa.webp
Białystok Piaski,ul. Żelazna,4,72,830000,11528,bez pośredników,,16,https://adresowo.pl/o/mieszkanie-bialystok-piaski-ul-zelazna-4-pokojowe-h4f6g3,https://s2.adresowa.pl/oi/2c/40/3c661e_2f5f_cover@2x-4-pokojowe-mieszkanie-bialystok-piaski-ul-zelazna.webp
Białystok Zielone Wzgórza,ul. Lawendowa,4,64,460000,7188,bez pośredników,,8,https://adresowo.pl/o/mieszkanie-bialystok-zielone-wzgorza-ul-lawendowa-4-pokojowe-e8v3y0,https://s2.adresowa.pl/oi/78/71/3c3640_6632_cover@2x-4-pokojowe-mieszkanie-bialystok-zielone-wzgorza-ul-lawendowa.webp
Białystok Antoniuk,ul. Władysława Broniewskiego,3,52,440000,8462,bez pośredników,,17,https://adresowo.pl/o/mieszkanie-bialystok-antoniuk-ul-wladyslawa-broniewskiego-3-pokojowe-o2y6h3,https://s2.adresowa.pl/oi/59/5f/3bf0dc_7e74_cover@2x-3-pokojowe-mieszkanie-bialystok-antoniuk-ul-wladyslawa-broniewskiego.webp
Białystok Antoniuk,ul. Knyszyńska,2,55,730000,13273,bez pośredników,,20,https://adresowo.pl/o/mieszkanie-bialystok-antoniuk-ul-knyszynska-2-pokojowe-v5e4x5,https://s2.adresowa.pl/oi/26/6a/3bd030_a591_cover@2x-2-pokojowe-mieszkanie-bialystok-antoniuk-ul-knyszynska.webp
Białystok Białostoczek,al. Tysiąclecia Państwa Polskiego,3,63,630000,10000,bez pośredników,,8,https://adresowo.pl/o/mieszkanie-bialystok-bialostoczek-al-tysiaclecia-panstwa-polskiego-3-pokojowe-i0w8l0,https://s2.adresowa.pl/oi/7e/43/3bcdb4_4d6c_cover@2x-3-pokojowe-mieszkanie-bialystok-bialostoczek-al-tysiaclecia-panstwa-polskiego.webp
Białystok Bojary,ul. Józefa Ignacego Kraszewskiego,3,63,895000,14206,bez pośredników,,19,https://adresowo.pl/o/mieszkanie-bialystok-bojary-ul-jozefa-ignacego-kraszewskiego-3-pokojowe-l5a3y7,https://s2.adresowa.pl/oi/44/34/3bbc70_568d_cover@2x-3-pokojowe-mieszkanie-bialystok-bojary-ul-jozefa-ignacego-kraszewskiego.webp
Białystok Białostoczek,ul. Sokólska,3,60,460000,7667,bez pośredników,,14,https://adresowo.pl/o/mieszkanie-bialystok-bialostoczek-ul-sokolska-3-pokojowe-k1x6s5,https://s2.adresowa.pl/oi/24/7a/3bb578_6fe4_cover@2x-3-pokojowe-mieszkanie-bialystok-bialostoczek-ul-sokolska.webp
Białystok Słoneczny Stok,ul. Upalna,3,62,469000,7565,bez pośredników,,8,https://adresowo.pl/o/mieszkanie-bialystok-sloneczny-stok-ul-upalna-3-pokojowe-p7b1w0,https://s2.adresowa.pl/oi/20/54/3ba724_4816_cover@2x-3-pokojowe-mieszkanie-bialystok-sloneczny-stok-ul-upalna.webp
Białystok Piaski,ul. Bolesława Chrobrego,3,48,435000,9062,bez pośredników,,6,https://adresowo.pl/o/mieszkanie-bialystok-piaski-ul-boleslawa-chrobrego-3-pokojowe-m2e5o9,https://s2.adresowa.pl/oi/1e/44/3b8fd6_6668_cover@2x-3-pokojowe-mieszkanie-bialystok-piaski-ul-boleslawa-chrobrego.webp
Białystok Bojary,ul. Łąkowa,2,38,580000,15263,bez pośredników,,8,https://adresowo.pl/o/mieszkanie-bialystok-bojary-ul-lakowa-2-pokojowe-z0u3r2,https://s2.adresowa.pl/oi/15/2d/3b8016_f07a_cover@2x-2-pokojowe-mieszkanie-bialystok-bojary-ul-lakowa.webp
Białystok Zielone Wzgórza,ul. Rumiankowa,2,52,495000,9519,bez pośredników,,12,https://adresowo.pl/o/mieszkanie-bialystok-zielone-wzgorza-ul-rumiankowa-2-pokojowe-w1c6b4,https://s2.adresowa.pl/oi/20/11/3b6a5a_9c31_cover@2x-2-pokojowe-mieszkanie-bialystok-zielone-wzgorza-ul-rumiankowa.webp
Białystok Piaski,ul. Adama Mickiewicza,3,62,620000,10000,bez pośredników,,8,https://adresowo.pl/o/mieszkanie-bialystok-piaski-ul-adama-mickiewicza-3-pokojowe-u6n7x1,https://s2.adresowa.pl/oi/4b/53/3b6748_411e_cover@2x-3-pokojowe-mieszkanie-bialystok-piaski-ul-adama-mickiewicza.webp
Białystok,Zielone Wzgórza,2,51,499000,9784,bez pośredników,,8,https://adresowo.pl/o/mieszkanie-bialystok-zielone-wzgorza-2-pokojowe-51-m2-f6n8a7,https://s2.adresowa.pl/oi/47/16/3b57f8_6837_cover@2x-2-pokojowe-mieszkanie-bialystok-zielone-wzgorza.webp
Białystok Zielone Wzgórza,ul. Zielonogórska,3,60,459000,7650,bez pośredników,,1,https://adresowo.pl/o/mieszkanie-bialystok-zielone-wzgorza-ul-zielonogorska-3-pokojowe-h5j2m8,https://s2.adresowa.pl/oi/62/66/3b5124_ee22_cover@2x-3-pokojowe-mieszkanie-bialystok-zielone-wzgorza-ul-zielonogorska.webp
Białystok Dziesięciny,ul. Kalinowa,3,61,435000,7131,bez pośredników,,1,https://adresowo.pl/o/mieszkanie-bialystok-dziesieciny-ul-kalinowa-3-pokojowe-n1s4a1,https://s2.adresowa.pl/oi/64/5e/3b48bc_a3dc_cover@2x-3-pokojowe-mieszkanie-bialystok-dziesieciny-ul-kalinowa.webp
Białystok Skorupy,ul. Sudecka,2,36,580000,16111,bez pośredników,,9,https://adresowo.pl/o/mieszkanie-bialystok-skorupy-ul-sudecka-2-pokojowe-s6z6t0,https://s2.adresowa.pl/oi/7b/3c/3b38f6_4852_cover@2x-2-pokojowe-mieszkanie-bialystok-skorupy-ul-sudecka.webp
Białystok Słoneczny Stok,ul. Hetmańska,3,52,620000,11923,bez pośredników,,6,https://adresowo.pl/o/mieszkanie-bialystok-sloneczny-stok-ul-hetmanska-3-pokojowe-j9s5j9,https://s2.adresowa.pl/oi/7a/7e/3b3370_ee36_cover@2x-3-pokojowe-mieszkanie-bialystok-sloneczny-stok-ul-hetmanska.webp
Białystok,ul. Pogodna,4,58,535000,9224,bez pośredników,,16,https://adresowo.pl/o/mieszkanie-bialystok-ul-pogodna-4-pokojowe-s8i9j3,https://s2.adresowa.pl/oi/68/39/3b2af0_c33b_cover@2x-4-pokojowe-mieszkanie-bialystok-ul-pogodna.webp
Białystok Piasta,ul. Skorupska,4,85,675000,7941,bez pośredników,,24,https://adresowo.pl/o/mieszkanie-bialystok-piasta-ul-skorupska-4-pokojowe-g1n4j6,https://s2.adresowa.pl/oi/62/6f/3b29c6_d959_cover@2x-4-pokojowe-mieszkanie-bialystok-piasta-ul-skorupska.webp
Białystok Centrum,ul. Jana Henryka Dąbrowskiego,1,35,345000,9857,bez pośredników,,6,https://adresowo.pl/o/mieszkanie-bialystok-centrum-ul-jana-henryka-dabrowskiego-1-pokoj-n1r1l8,https://s2.adresowa.pl/oi/15/5d/3b29a8_522c_cover@2x-1-pokojowe-mieszkanie-bialystok-centrum-ul-jana-henryka-dabrowskiego.webp
Białystok Dziesięciny,ul. Palmowa,3,49,490000,10000,bez pośredników,,7,https://adresowo.pl/o/mieszkanie-bialystok-dziesieciny-ul-palmowa-3-pokojowe-k0a9u8,https://s2.adresowa.pl/oi/50/15/3b2846_8708_cover@2x-3-pokojowe-mieszkanie-bialystok-dziesieciny-ul-palmowa.webp
Białystok Słoneczny Stok,ul. Upalna,3,63,580000,9206,bez pośredników,,5,https://adresowo.pl/o/mieszkanie-bialystok-sloneczny-stok-ul-upalna-3-pokojowe-x0d4j6,https://s2.adresowa.pl/oi/5b/45/3b2828_f94b_cover@2x-3-pokojowe-mieszkanie-bialystok-sloneczny-stok-ul-upalna.webp
Białystok Dziesięciny,ul. Gajowa,2,48,510000,10625,bez pośredników,,11,https://adresowo.pl/o/mieszkanie-bialystok-dziesieciny-ul-gajowa-2-pokojowe-a7k2k5,https://s2.adresowa.pl/oi/19/16/3b14ce_6cc8_cover@2x-2-pokojowe-mieszkanie-bialystok-dziesieciny-ul-gajowa.webp
Białystok Białostoczek,ul. Radzymińska,3,60,450000,7500,bez pośredników,,11,https://adresowo.pl/o/mieszkanie-bialystok-bialostoczek-ul-radzyminska-3-pokojowe-k5z7o3,https://s2.adresowa.pl/oi/32/6c/3b08f4_3c05_cover@2x-3-pokojowe-mieszkanie-bialystok-bialostoczek-ul-radzyminska.webp
Białystok Piaski,ul. Mazowiecka,2,44,390000,8864,bez pośredników,,6,https://adresowo.pl/o/mieszkanie-bialystok-piaski-ul-mazowiecka-2-pokojowe-l9o9x0,https://s2.adresowa.pl/oi/73/3f/3aa636_3cc8_cover@2x-2-pokojowe-mieszkanie-bialystok-piaski-ul-mazowiecka.webp
Białystok Centrum,ul. Icchoka Malmeda,2,51,614400,12047,bez pośredników,,8,https://adresowo.pl/o/mieszkanie-bialystok-centrum-ul-icchoka-malmeda-2-pokojowe-h6s8h1,https://s2.adresowa.pl/oi/32/6d/3a9b16_c48a_cover@2x-2-pokojowe-mieszkanie-bialystok-centrum-ul-icchoka-malmeda.webp
Białystok Wysoki Stoczek,ul. Szeroka,2,50,415000,8300,bez pośredników,,8,https://adresowo.pl/o/mieszkanie-bialystok-wysoki-stoczek-ul-szeroka-2-pokojowe-k0i2l9,https://s2.adresowa.pl/oi/69/45/3a8a6e_ae01_cover@2x-2-pokojowe-mieszkanie-bialystok-wysoki-stoczek-ul-szeroka.webp
Białystok Bacieczki,ul. Swobodna,3,63,490000,7778,bez pośredników,,6,https://adresowo.pl/o/mieszkanie-bialystok-bacieczki-ul-swobodna-3-pokojowe-q5m8m0,https://s2.adresowa.pl/oi/36/3d/3a494c_8e27_cover@2x-3-pokojowe-mieszkanie-bialystok-bacieczki-ul-swobodna.webp
Białystok Zielone Wzgórza,ul. Wrocławska,3,62,575667,9285,bez pośredników,,8,https://adresowo.pl/o/mieszkanie-bialystok-zielone-wzgorza-ul-wroclawska-3-pokojowe-q7e7w1,https://s2.adresowa.pl/oi/33/5f/3a2564_6713_cover@2x-3-pokojowe-mieszkanie-bialystok-zielone-wzgorza-ul-wroclawska.webp
Białystok Centrum,ul. Czarna,3,58,830000,14310,bez pośredników,,8,https://adresowo.pl/o/mieszkanie-bialystok-centrum-ul-czarna-3-pokojowe-n9m7y3,https://s2.adresowa.pl/oi/75/7f/39e1cc_e376_cover@2x-3-pokojowe-mieszkanie-bialystok-centrum-ul-czarna.webp
Białystok Wygoda,ul. Walentego Lewandowskiego,3,62,820000,13226,bez pośredników,,17,https://adresowo.pl/o/mieszkanie-bialystok-wygoda-ul-walentego-lewandowskiego-3-pokojowe-n1s5j6,https://s2.adresowa.pl/oi/26/69/39c7c0_db04_cover@2x-3-pokojowe-mieszkanie-bialystok-wygoda-ul-walentego-lewandowskiego.webp
Białystok Antoniuk,ul. Ukośna,3,54,730000,13519,bez pośredników,,13,https://adresowo.pl/o/mieszkanie-bialystok-antoniuk-ul-ukosna-3-pokojowe-o0g7o9,https://s2.adresowa.pl/oi/6c/78/39c7b8_a9bc_cover@2x-3-pokojowe-mieszkanie-bialystok-antoniuk-ul-ukosna.webp
Białystok,ul. Krucza,2,51,450000,8824,bez pośredników,,10,https://adresowo.pl/o/mieszkanie-bialystok-ul-krucza-2-pokojowe-p9y8m1,https://s2.adresowa.pl/oi/52/2c/397b52_27e4_cover@2x-2-pokojowe-mieszkanie-bialystok-ul-krucza.webp
Białystok Dziesięciny,ul. Generała Józefa Hallera,2,48,450000,9375,bez pośredników,,20,https://adresowo.pl/o/mieszkanie-bialystok-dziesieciny-ul-generala-jozefa-hallera-2-pokojowe-r0e7s1,https://s2.adresowa.pl/oi/76/13/394756_b676_cover@2x-2-pokojowe-mieszkanie-bialystok-dziesieciny-ul-generala-jozefa-hallera.webp
Białystok Leśna Dolina,ul. Powstańców,3,63,608265,9655,bez pośredników,,12,https://adresowo.pl/o/mieszkanie-bialystok-lesna-dolina-ul-powstancow-3-pokojowe-a7z4v0,https://s2.adresowa.pl/oi/63/5f/3946b0_f113_cover@2x-3-pokojowe-mieszkanie-bialystok-lesna-dolina-ul-powstancow.webp
Białystok Centrum,ul. Jurowiecka,2,44,655000,14886,bez pośredników,,14,https://adresowo.pl/o/mieszkanie-bialystok-centrum-ul-jurowiecka-2-pokojowe-b4n9n4,https://s2.adresowa.pl/oi/5e/2c/3929e2_353d_cover@2x-2-pokojowe-mieszkanie-bialystok-centrum-ul-jurowiecka.webp
Białystok Wygoda,ul. Wasilkowska,3,58,479000,8259,bez pośredników,,20,https://adresowo.pl/o/mieszkanie-bialystok-wygoda-ul-wasilkowska-3-pokojowe-u4x2h6,https://s2.adresowa.pl/oi/71/3e/38f644_f8e3_cover@2x-3-pokojowe-mieszkanie-bialystok-wygoda-ul-wasilkowska.webp
Białystok,ul. Lipowa,1,24,315000,13125,bez pośredników,,4,https://adresowo.pl/o/mieszkanie-bialystok-ul-lipowa-1-pokoj-h7s2b3,https://s2.adresowa.pl/oi/60/7c/38e5d4_7960_cover@2x-1-pokojowe-mieszkanie-bialystok-ul-lipowa.webp
Białystok Bojary,ul. Józefa Ignacego Kraszewskiego,2,47,450000,9574,bez pośredników,,7,https://adresowo.pl/o/mieszkanie-bialystok-bojary-ul-jozefa-ignacego-kraszewskiego-2-pokojowe-w7t0g8,https://s2.adresowa.pl/oi/55/19/38011c_fed8_cover@2x-2-pokojowe-mieszkanie-bialystok-bojary-ul-jozefa-ignacego-kraszewskiego.webp
Białystok Centrum,al. Józefa Piłsudskiego,2,48,465500,9698,bez pośredników,,8,https://adresowo.pl/o/mieszkanie-bialystok-centrum-al-jozefa-pilsudskiego-2-pokojowe-n2v7b5,https://s2.adresowa.pl/oi/65/13/37de02_38a5_cover@2x-2-pokojowe-mieszkanie-bialystok-centrum-al-jozefa-pilsudskiego.webp
Białystok Os. Młodych,ul. Hetmańska,3,52,665000,12788,bez pośredników,,13,https://adresowo.pl/o/mieszkanie-bialystok-os-mlodych-ul-hetmanska-3-pokojowe-b1z6s2,https://s2.adresowa.pl/oi/36/2c/37b030_65db_cover@2x-3-pokojowe-mieszkanie-bialystok-os-mlodych-ul-hetmanska.webp
Białystok,ul. gen. Józefa Bema,3,60,499000,8317,bez pośredników,,14,https://adresowo.pl/o/mieszkanie-bialystok-ul-gen-jozefa-bema-3-pokojowe-p9l4e2,https://s2.adresowa.pl/oi/64/76/376938_bab3_cover@2x-3-pokojowe-mieszkanie-bialystok-ul-gen-jozefa-bema.webp
Białystok Antoniuk,ul. Ukośna,2,46,630000,13696,bez pośredników,,7,https://adresowo.pl/o/mieszkanie-bialystok-antoniuk-ul-ukosna-2-pokojowe-m6h7t6,https://s2.adresowa.pl/oi/51/79/376780_e327_cover@2x-2-pokojowe-mieszkanie-bialystok-antoniuk-ul-ukosna.webp
Białystok Centrum,ul. Łąkowa,4,111,890000,8018,bez pośredników,,8,https://adresowo.pl/o/mieszkanie-bialystok-centrum-ul-lakowa-4-pokojowe-u7a9m1,https://s2.adresowa.pl/oi/5f/48/372896_bdbe_cover@2x-4-pokojowe-mieszkanie-bialystok-centrum-ul-lakowa.webp
Białystok Centrum,ul. Jana Sobieskiego,2,45,430000,9556,bez pośredników,,12,https://adresowo.pl/o/mieszkanie-bialystok-centrum-ul-jana-sobieskiego-2-pokojowe-x3l6q8,https://s2.adresowa.pl/oi/58/2d/36c4ea_66dc_cover@2x-2-pokojowe-mieszkanie-bialystok-centrum-ul-jana-sobieskiego.webp
Białystok,,3,66,572760,8678,bez pośredników,,8,https://adresowo.pl/o/mieszkanie-bialystok-3-pokojowe-66-m2-f6g1v1,https://s2.adresowa.pl/oi/3a/7f/36e392_6df4_cover@2x-3-pokojowe-mieszkanie-bialystok.webp
Białystok Skorupy,ul. Wczasowa,3,81,449000,5543,bez pośredników,,18,https://adresowo.pl/o/mieszkanie-bialystok-skorupy-ul-wczasowa-3-pokojowe-m2c6f6,https://s2.adresowa.pl/oi/4e/6b/36cc8c_80b4_cover@2x-3-pokojowe-mieszkanie-bialystok-skorupy-ul-wczasowa.webp
Białystok Centrum,ul. gen. Józefa Bema,4,48,555000,11562,bez pośredników,,8,https://adresowo.pl/o/mieszkanie-bialystok-centrum-ul-gen-jozefa-bema-4-pokojowe-k9d1o9,https://s2.adresowa.pl/oi/2b/7b/36074a_cd16_cover@2x-4-pokojowe-mieszkanie-bialystok-centrum-ul-gen-jozefa-bema.webp
Białystok Bagnówka,ul. Ignacego Mościckiego,4,146,820000,5616,bez pośredników,,7,https://adresowo.pl/o/mieszkanie-bialystok-bagnowka-ul-ignacego-moscickiego-4-pokojowe-g9c3d9,https://s2.adresowa.pl/oi/74/6e/355c5e_4d2e_cover@2x-4-pokojowe-mieszkanie-bialystok-bagnowka-ul-ignacego-moscickiego.webp
Białystok,Wysoki Stoczek,3,61,545000,8934,bez pośredników,,7,https://adresowo.pl/o/mieszkanie-bialystok-wysoki-stoczek-3-pokojowe-61-m2-r1a2s5,https://s2.adresowa.pl/oi/10/48/34f6c0_d559_cover@2x-3-pokojowe-mieszkanie-bialystok-wysoki-stoczek.webp
Białystok Nowe Miasto,ul. Stanisława Dubois,2,51,435000,8529,bez pośredników,,9,https://adresowo.pl/o/mieszkanie-bialystok-nowe-miasto-ul-stanislawa-dubois-2-pokojowe-j5d1g8,https://s2.adresowa.pl/oi/1c/2b/34e54e_df2d_cover@2x-2-pokojowe-mieszkanie-bialystok-nowe-miasto-ul-stanislawa-dubois.webp
Białystok Centrum,ul. Żabia,2,70,620000,8857,bez pośredników,,8,https://adresowo.pl/o/mieszkanie-bialystok-centrum-ul-zabia-2-pokojowe-k4n9m7,https://s2.adresowa.pl/oi/46/37/33d45a_cf75_cover@2x-2-pokojowe-mieszkanie-bialystok-centrum-ul-zabia.webp
Białystok Bagnówka,ul. Ignacego Mościckiego,4,146,940000,6438,bez pośredników,,14,https://adresowo.pl/o/mieszkanie-bialystok-bagnowka-ul-ignacego-moscickiego-4-pokojowe-h0b1g8,https://s2.adresowa.pl/oi/4b/6c/33a064_6878_cover@2x-4-pokojowe-mieszkanie-bialystok-bagnowka-ul-ignacego-moscickiego.webp
Białystok Białostoczek,ul. Radzymińska,3,61,480000,7869,bez pośredników,,13,https://adresowo.pl/o/mieszkanie-bialystok-bialostoczek-ul-radzyminska-3-pokojowe-a5q4r3,https://s2.adresowa.pl/oi/6b/5c/33797e_cfb4_cover@2x-3-pokojowe-mieszkanie-bialystok-bialostoczek-ul-radzyminska.webp
Białystok Centrum,ul. Chmielna,2,37,450000,12162,bez pośredników,,7,https://adresowo.pl/o/mieszkanie-bialystok-centrum-ul-chmielna-2-pokojowe-a3o1y7,https://s2.adresowa.pl/oi/33/2f/330f24_66db_cover@2x-2-pokojowe-mieszkanie-bialystok-centrum-ul-chmielna.webp
Białystok Białostoczek,ul. Radzymińska,3,60,479000,7983,bez pośredników,,10,https://adresowo.pl/o/mieszkanie-bialystok-bialostoczek-ul-radzyminska-3-pokojowe-y7k7z1,https://s2.adresowa.pl/oi/1c/7b/330c32_d5d6_cover@2x-3-pokojowe-mieszkanie-bialystok-bialostoczek-ul-radzyminska.webp
Białystok Centrum,ul. Bohaterów Getta,3,80,745000,9312,bez pośredników,,8,https://adresowo.pl/o/mieszkanie-bialystok-centrum-ul-bohaterow-getta-3-pokojowe-o6t6w3,https://s2.adresowa.pl/oi/69/32/329f04_36de_cover@2x-3-pokojowe-mieszkanie-bialystok-centrum-ul-bohaterow-getta.webp
Białystok Bojary,ul. Józefa Ignacego Kraszewskiego,4,71,699000,9845,bez pośredników,,8,https://adresowo.pl/o/mieszkanie-bialystok-bojary-ul-jozefa-ignacego-kraszewskiego-4-pokojowe-o1z1n5,https://s2.adresowa.pl/oi/27/70/327b20_68fe_cover@2x-4-pokojowe-mieszkanie-bialystok-bojary-ul-jozefa-ignacego-kraszewskiego.webp
Białystok Piaski,ul. Zwierzyniecka,1,36,350000,9722,bez pośredników,,7,https://adresowo.pl/o/mieszkanie-bialystok-piaski-ul-zwierzyniecka-1-pokoj-z4j1w5,https://s2.adresowa.pl/oi/30/2b/31c95e_3e11_cover@2x-1-pokojowe-mieszkanie-bialystok-piaski-ul-zwierzyniecka.webp
Białystok Centrum,ul. Adama Mickiewicza,4,97,1317465,13582,bez pośredników,,20,https://adresowo.pl/o/mieszkanie-bialystok-centrum-ul-adama-mickiewicza-4-pokojowe-w9k2n6,https://s2.adresowa.pl/oi/57/19/30d81e_c70b_cover@2x-4-pokojowe-mieszkanie-bialystok-centrum-ul-adama-mickiewicza.webp
Białystok Bacieczki,ul. Józefa Mackiewicza,2,48,459000,9562,bez pośredników,,8,https://adresowo.pl/o/mieszkanie-bialystok-bacieczki-ul-jozefa-mackiewicza-2-pokojowe-h6r1f2,https://s2.adresowa.pl/oi/12/52/309264_cd7a_cover@2x-2-pokojowe-mieszkanie-bialystok-bacieczki-ul-jozefa-mackiewicza.webp
Białystok Centrum,ul. dr Ireny Białówny,1,36,400000,11111,bez pośredników,,5,https://adresowo.pl/o/mieszkanie-bialystok-centrum-ul-dr-ireny-bialowny-1-pokoj-r6i1g7,https://s2.adresowa.pl/oi/69/1b/307a78_a7e8_cover@2x-1-pokojowe-mieszkanie-bialystok-centrum-ul-dr-ireny-bialowny.webp
Białystok Nowe Miasto,ul. Kazimierza Pułaskiego,1,28,310000,11071,bez pośredników,,8,https://adresowo.pl/o/mieszkanie-bialystok-nowe-miasto-ul-kazimierza-pulaskiego-1-pokoj-k6e2q0,https://s2.adresowa.pl/oi/27/38/304c44_fec8_cover@2x-1-pokojowe-mieszkanie-bialystok-nowe-miasto-ul-kazimierza-pulaskiego.webp
Białystok Centrum,ul. Marii Skłodowskiej-Curie,3,52,500000,9615,bez pośredników,,8,https://adresowo.pl/o/mieszkanie-bialystok-centrum-ul-marii-sklodowskiej-curie-3-pokojowe-t5f8o5,https://s2.adresowa.pl/oi/5d/6d/3035d2_c736_cover@2x-3-pokojowe-mieszkanie-bialystok-centrum-ul-marii-sklodowskiej-curie.webp
Białystok Centrum,ul. Józefa Marjańskiego 3,3,77,805000,10455,bez pośredników,,25,https://adresowo.pl/o/mieszkanie-bialystok-centrum-ul-jozefa-marjanskiego-3-pokojowe-i7k8e2,https://s2.adresowa.pl/oi/3d/12/39765e_4743_cover@2x-3-pokojowe-mieszkanie-bialystok-centrum-ul-jozefa-marjanskiego.webp
Białystok Antoniuk,ul. Juliana Tuwima,1,36,359000,9972,bez pośredników,,20,https://adresowo.pl/o/mieszkanie-bialystok-antoniuk-ul-juliana-tuwima-1-pokoj-y7u4j8,https://s2.adresowa.pl/oi/26/18/2f9238_d5cd_cover@2x-1-pokojowe-mieszkanie-bialystok-antoniuk-ul-juliana-tuwima.webp
Białystok Centrum,al. Józefa Piłsudskiego,3,72,579000,8042,bez pośredników,,13,https://adresowo.pl/o/mieszkanie-bialystok-centrum-al-jozefa-pilsudskiego-3-pokojowe-h3r8y4,https://s2.adresowa.pl/oi/7f/27/2efb36_f77d_cover@2x-3-pokojowe-mieszkanie-bialystok-centrum-al-jozefa-pilsudskiego.webp
Białystok Centrum,ul. Henryka Sienkiewicza,2,49,569000,11612,bez pośredników,,13,https://adresowo.pl/o/mieszkanie-bialystok-centrum-ul-henryka-sienkiewicza-2-pokojowe-z0s7w4,https://s2.adresowa.pl/oi/7f/23/2e7b6e_8f4d_cover@2x-2-pokojowe-mieszkanie-bialystok-centrum-ul-henryka-sienkiewicza.webp
Białystok Sienkiewicza,ul. Jurowiecka,4,63,659000,10460,bez pośredników,,19,https://adresowo.pl/o/mieszkanie-bialystok-sienkiewicza-ul-jurowiecka-4-pokojowe-e0r6i1,https://s2.adresowa.pl/oi/49/47/2c1a0e_8c7c_cover@2x-4-pokojowe-mieszkanie-bialystok-sienkiewicza-ul-jurowiecka.webp
Białystok Os. Młodych,ul. Rzemieślnicza,2,33,499000,15121,bez pośredników,,10,https://adresowo.pl/o/mieszkanie-bialystok-os-mlodych-ul-rzemieslnicza-2-pokojowe-c8m6z6,https://s2.adresowa.pl/oi/73/4b/29a0dc_3699_cover@2x-2-pokojowe-mieszkanie-bialystok-os-mlodych-ul-rzemieslnicza.webp
Białystok Centrum,ul. Żabia,3,59,690000,11695,bez pośredników,,7,https://adresowo.pl/o/mieszkanie-bialystok-centrum-ul-zabia-3-pokojowe-k7g7p9,https://s2.adresowa.pl/oi/3f/70/23f3b4_6ed5_cover@2x-3-pokojowe-mieszkanie-bialystok-centrum-ul-zabia.webp
Białystok Białostoczek,ul. Radzymińska,3,60,549000,9150,bez pośredników,,24,https://adresowo.pl/o/mieszkanie-bialystok-bialostoczek-ul-radzyminska-3-pokojowe-b8p0q9,https://s2.adresowa.pl/oi/79/17/18e09d_b45c_cover@2x-3-pokojowe-mieszkanie-bialystok-bialostoczek-ul-radzyminska.webp
Białystok Wygoda,ul. Wasilkowska,3,50,398000,7960,bez pośredników,,1,https://adresowo.pl/o/mieszkanie-bialystok-wygoda-ul-wasilkowska-3-pokojowe-hd5v3z,https://s2.adresowa.pl/oi/e/67/58feb_5a39_cover@2x-3-pokojowe-mieszkanie-bialystok-wygoda-ul-wasilkowska.webp
Białystok Centrum,ul. Józefa Marjańskiego,1,37,1250000,33784,bez pośredników,,8,https://adresowo.pl/o/mieszkanie-bialystok-centrum-ul-jozefa-marjanskiego-1-pokoj-w62aqc,https://s2.adresowa.pl/oi/74/1e/db52_88ef_cover@2x-1-pokojowe-mieszkanie-bialystok-centrum-ul-jozefa-marjanskiego.webp
Białystok Nowe Miasto,ul. Wiejska,4,57,525000,9211,bez pośredników,,26,https://adresowo.pl/o/mieszkanie-bialystok-nowe-miasto-ul-wiejska-4-pokojowe-r1w8p7,https://s2.adresowa.pl/oi/5d/36/405e82_cdea_cover@2x-4-pokojowe-mieszkanie-bialystok-nowe-miasto-ul-wiejska.webp
Białystok Bojary,ul. Jana Sobieskiego,1,21,299000,14238,bez pośredników,,5,https://adresowo.pl/o/mieszkanie-bialystok-bojary-ul-jana-sobieskiego-1-pokoj-e3y8e9,https://s2.adresowa.pl/oi/38/5a/40bd9a_75d7_cover@2x-1-pokojowe-mieszkanie-bialystok-bojary-ul-jana-sobieskiego.webp
Białystok Piaski,ul. Jerzego Waszyngtona,4,60,565000,9417,bez pośredników,,16,https://adresowo.pl/o/mieszkanie-bialystok-piaski-ul-jerzego-waszyngtona-4-pokojowe-z3u6e3,https://s2.adresowa.pl/oi/7a/63/40ba1c_ebec_cover@2x-4-pokojowe-mieszkanie-bialystok-piaski-ul-jerzego-waszyngtona.webp
Białystok,Zielone Wzgórza,2,46,380000,8261,bez pośredników,,3,https://adresowo.pl/o/mieszkanie-bialystok-zielone-wzgorza-2-pokojowe-46-m2-u9h7l1,https://s2.adresowa.pl/oi/41/77/40b85a_e68b_cover@2x-2-pokojowe-mieszkanie-bialystok-zielone-wzgorza.webp
Białystok Piaski,ul. Jerzego Waszyngtona,4,61,619000,10148,Pośrednik,,9,https://adresowo.pl/o/mieszkanie-bialystok-piaski-ul-jerzego-waszyngtona-4-pokojowe-s9u8z3,https://s2.adresowa.pl/oi/5b/1b/40b62a_804f_cover@2x-4-pokojowe-mieszkanie-bialystok-piaski-ul-jerzego-waszyngtona.webp
Białystok Wygoda,ul. 42 Pułku Piechoty,2,41,499000,12171,Pośrednik,,10,https://adresowo.pl/o/mieszkanie-bialystok-wygoda-ul-42-pulku-piechoty-2-pokojowe-z4d6u9,https://s2.adresowa.pl/oi/29/25/40a0c0_8e49_cover@2x-2-pokojowe-mieszkanie-bialystok-wygoda-ul-42-pulku-piechoty.webp
Białystok Centrum,ul. Czarna,2,37,579000,15649,bez pośredników,,8,https://adresowo.pl/o/mieszkanie-bialystok-centrum-ul-czarna-2-pokojowe-i3v9w5,https://s2.adresowa.pl/oi/73/7b/40b6e6_d522_cover@2x-2-pokojowe-mieszkanie-bialystok-centrum-ul-czarna.webp
Białystok,Zielone Wzgórza,2,46,430000,9348,bez pośredników,,7,https://adresowo.pl/o/mieszkanie-bialystok-zielone-wzgorza-2-pokojowe-46-m2-k3z5i2,https://s2.adresowa.pl/oi/2b/22/40b14e_7707_cover@2x-2-pokojowe-mieszkanie-bialystok-zielone-wzgorza.webp
Białystok,Dziesięciny,4,71,635000,8944,bez pośredników,,12,https://adresowo.pl/o/mieszkanie-bialystok-dziesieciny-4-pokojowe-71-m2-n4c2a1,https://s2.adresowa.pl/oi/1d/73/40b036_9e7f_cover@2x-4-pokojowe-mieszkanie-bialystok-dziesieciny.webp
Białystok,Bagnówka,3,62,634000,10226,Pośrednik,,18,https://adresowo.pl/o/mieszkanie-bialystok-bagnowka-3-pokojowe-62-m2-n8l3u3,https://s2.adresowa.pl/oi/1a/25/408dd6_a35d_cover@2x-3-pokojowe-mieszkanie-bialystok-bagnowka.webp
Białystok Starosielce,ul. Ateńska 3,3,50,499000,9980,Pośrednik,,14,https://adresowo.pl/o/mieszkanie-bialystok-starosielce-ul-atenska-3-pokojowe-a0z7i5,https://s2.adresowa.pl/oi/64/18/407fc0_28d7_cover@2x-3-pokojowe-mieszkanie-bialystok-starosielce-ul-atenska.webp
Białystok Zielone Wzgórza,ul. Zielonogórska,2,50,465000,9300,bez pośredników,,8,https://adresowo.pl/o/mieszkanie-bialystok-zielone-wzgorza-ul-zielonogorska-2-pokojowe-f7x7a0,https://s2.adresowa.pl/oi/65/55/40aeda_cce3_cover@2x-2-pokojowe-mieszkanie-bialystok-zielone-wzgorza-ul-zielonogorska.webp
Białystok Bojary,ul. Jana Sobieskiego,2,41,589000,14366,bez pośredników,,14,https://adresowo.pl/o/mieszkanie-bialystok-bojary-ul-jana-sobieskiego-2-pokojowe-j4q4f4,https://s2.adresowa.pl/oi/6f/5d/40abf4_666f_cover@2x-2-pokojowe-mieszkanie-bialystok-bojary-ul-jana-sobieskiego.webp
Białystok,ul. Brukowa,3,83,1080000,13012,bez pośredników,,7,https://adresowo.pl/o/mieszkanie-bialystok-ul-brukowa-3-pokojowe-n5t3y5,https://s2.adresowa.pl/oi/77/24/40a9f8_d94d_cover@2x-3-pokojowe-mieszkanie-bialystok-ul-brukowa.webp
Białystok Starosielce,ul. Ateńskiej 3,3,47,469000,9979,Pośrednik,,13,https://adresowo.pl/o/mieszkanie-bialystok-starosielce-ul-atenskiej-3-pokojowe-h7b9s9,https://s2.adresowa.pl/oi/37/51/407fbc_6687_cover@2x-3-pokojowe-mieszkanie-bialystok-starosielce-ul-atenskiej.webp
Białystok Nowe Miasto,ul. Świętego Jerzego,3,60,519000,8650,Pośrednik,,13,https://adresowo.pl/o/mieszkanie-bialystok-nowe-miasto-ul-swietego-jerzego-3-pokojowe-r5q2x3,https://s2.adresowa.pl/oi/21/74/404e68_41c1_cover@2x-3-pokojowe-mieszkanie-bialystok-nowe-miasto-ul-swietego-jerzego.webp
Białystok Nowe Miasto,ul. Wiejska,4,77,678000,8805,bez pośredników,,19,https://adresowo.pl/o/mieszkanie-bialystok-nowe-miasto-ul-wiejska-4-pokojowe-p8s9d1,https://s2.adresowa.pl/oi/40/7d/40a7a2_fdeb_cover@2x-4-pokojowe-mieszkanie-bialystok-nowe-miasto-ul-wiejska.webp
Białystok Piasta,ul. Bolesława Chrobrego,3,53,475000,8962,bez pośredników,,20,https://adresowo.pl/o/mieszkanie-bialystok-piasta-ul-boleslawa-chrobrego-3-pokojowe-c9l7f6,https://s2.adresowa.pl/oi/78/3d/40a784_7d23_cover@2x-3-pokojowe-mieszkanie-bialystok-piasta-ul-boleslawa-chrobrego.webp
Białystok Dziesięciny,ul. Gajowa 62,3,60,439000,7317,bez pośredników,,8,https://adresowo.pl/o/mieszkanie-bialystok-dziesieciny-ul-gajowa-3-pokojowe-f8g4o8,https://s2.adresowa.pl/oi/25/43/40a738_b5e9_cover@2x-3-pokojowe-mieszkanie-bialystok-dziesieciny-ul-gajowa.webp
Białystok Antoniuk,ul. Władysława Broniewskiego,4,54,570000,10556,Pośrednik,,12,https://adresowo.pl/o/mieszkanie-bialystok-antoniuk-ul-wladyslawa-broniewskiego-4-pokojowe-o3j3d1,https://s2.adresowa.pl/oi/6d/21/3ff786_cc04_cover@2x-4-pokojowe-mieszkanie-bialystok-antoniuk-ul-wladyslawa-broniewskiego.webp
Białystok Wygoda,ul. 42 Pułku Piechoty 72D,4,65,799000,12292,Pośrednik,,17,https://adresowo.pl/o/mieszkanie-bialystok-wygoda-ul-42-pulku-piechoty-4-pokojowe-y5s4h3,https://s2.adresowa.pl/oi/72/1e/3fea74_27e1_cover@2x-4-pokojowe-mieszkanie-bialystok-wygoda-ul-42-pulku-piechoty.webp
Białystok Piaski,ul. Mazowiecka,2,45,568500,12633,bez pośredników,,25,https://adresowo.pl/o/mieszkanie-bialystok-piaski-ul-mazowiecka-2-pokojowe-a1z8v5,https://s2.adresowa.pl/oi/77/39/40a710_47d5_cover@2x-2-pokojowe-mieszkanie-bialystok-piaski-ul-mazowiecka.webp
Białystok Antoniuk,ul. Władysława Broniewskiego,3,54,405000,7500,bez pośredników,,5,https://adresowo.pl/o/mieszkanie-bialystok-antoniuk-ul-wladyslawa-broniewskiego-3-pokojowe-f0i2f6,https://s2.adresowa.pl/oi/22/6f/40a6a6_5a83_cover@2x-3-pokojowe-mieszkanie-bialystok-antoniuk-ul-wladyslawa-broniewskiego.webp
Białystok Centrum,ul. Bohaterów Getta,2,50,410000,8200,bez pośredników,,6,https://adresowo.pl/o/mieszkanie-bialystok-centrum-ul-bohaterow-getta-2-pokojowe-z4x1w1,https://s2.adresowa.pl/oi/68/1b/40a62e_5ba8_cover@2x-2-pokojowe-mieszkanie-bialystok-centrum-ul-bohaterow-getta.webp
Białystok Nowe Miasto,ul. Transportowa,3,61,590000,9672,Pośrednik,,15,https://adresowo.pl/o/mieszkanie-bialystok-nowe-miasto-ul-transportowa-3-pokojowe-v0o4l2,https://s2.adresowa.pl/oi/10/57/3fcc0a_354a_cover@2x-3-pokojowe-mieszkanie-bialystok-nowe-miasto-ul-transportowa.webp
Białystok Dziesięciny,ul. Generała Józefa Hallera,2,48,380000,7917,Pośrednik,,14,https://adresowo.pl/o/mieszkanie-bialystok-dziesieciny-ul-generala-jozefa-hallera-2-pokojowe-s3u7h5,https://s2.adresowa.pl/oi/56/2d/3f7750_fdd5_cover@2x-2-pokojowe-mieszkanie-bialystok-dziesieciny-ul-generala-jozefa-hallera.webp
Białystok,Wysoki Stoczek,3,47,460000,9787,bez pośredników,,1,https://adresowo.pl/o/mieszkanie-bialystok-wysoki-stoczek-3-pokojowe-47-m2-h8q3o7,https://s2.adresowa.pl/oi/56/34/40a54e_b5b3_cover@2x-3-pokojowe-mieszkanie-bialystok-wysoki-stoczek.webp
Białystok Dziesięciny,ul. Cedrowa,4,56,650000,11607,bez pośredników,,20,https://adresowo.pl/o/mieszkanie-bialystok-dziesieciny-ul-cedrowa-4-pokojowe-y1m7s5,https://s2.adresowa.pl/oi/15/71/409a66_c36e_cover@2x-4-pokojowe-mieszkanie-bialystok-dziesieciny-ul-cedrowa.webp
Białystok Antoniuk,ul. Ukośna,3,48,369000,7688,bez pośredników,,10,https://adresowo.pl/o/mieszkanie-bialystok-antoniuk-ul-ukosna-3-pokojowe-u5c8a0,https://s2.adresowa.pl/oi/48/6e/409a5c_8871_cover@2x-3-pokojowe-mieszkanie-bialystok-antoniuk-ul-ukosna.webp
Białystok Wysoki Stoczek,ul. Łagodna,3,48,379000,7896,Pośrednik,,10,https://adresowo.pl/o/mieszkanie-bialystok-wysoki-stoczek-ul-lagodna-3-pokojowe-p4i7i0,https://s2.adresowa.pl/oi/32/55/3f4c36_839b_cover@2x-3-pokojowe-mieszkanie-bialystok-wysoki-stoczek-ul-lagodna.webp
Białystok,ul. Władysława Broniewskiego,2,41,434000,10585,Pośrednik,,6,https://adresowo.pl/o/mieszkanie-bialystok-ul-wladyslawa-broniewskiego-2-pokojowe-u9f5x5,https://s2.adresowa.pl/oi/64/18/3f3b6c_cee3_cover@2x-2-pokojowe-mieszkanie-bialystok-ul-wladyslawa-broniewskiego.webp
Białystok Piasta,ul. Skorupska,3,49,539000,11000,bez pośredników,,15,https://adresowo.pl/o/mieszkanie-bialystok-piasta-ul-skorupska-3-pokojowe-w3b7x3,https://s2.adresowa.pl/oi/25/6b/4099ba_a34e_cover@2x-3-pokojowe-mieszkanie-bialystok-piasta-ul-skorupska.webp
Białystok Sienkiewicza,ul. Ciepła,3,44,665000,15114,bez pośredników,,1,https://adresowo.pl/o/mieszkanie-bialystok-sienkiewicza-ul-ciepla-3-pokojowe-s1h6l4,https://s2.adresowa.pl/oi/1e/28/409852_a328_cover@2x-3-pokojowe-mieszkanie-bialystok-sienkiewicza-ul-ciepla.webp
Białystok Dojlidy,ul. Żubrów,3,63,785000,12460,bez pośredników,,14,https://adresowo.pl/o/mieszkanie-bialystok-dojlidy-ul-zubrow-3-pokojowe-q1j4o2,https://s2.adresowa.pl/oi/22/1f/40984e_5bf6_cover@2x-3-pokojowe-mieszkanie-bialystok-dojlidy-ul-zubrow.webp
Białystok Dziesięciny,ul. Gajowa,3,48,525000,10938,Pośrednik,,3,https://adresowo.pl/o/mieszkanie-bialystok-dziesieciny-ul-gajowa-3-pokojowe-o4t4k4,https://s2.adresowa.pl/oi/2a/19/3f342a_710c_cover@2x-3-pokojowe-mieszkanie-bialystok-dziesieciny-ul-gajowa.webp
Białystok Sienkiewicza,ul. Nowogródzka,3,53,639000,12057,Pośrednik,,13,https://adresowo.pl/o/mieszkanie-bialystok-sienkiewicza-ul-nowogrodzka-3-pokojowe-d9u3k5,https://s2.adresowa.pl/oi/41/61/3f32ea_7dd2_cover@2x-3-pokojowe-mieszkanie-bialystok-sienkiewicza-ul-nowogrodzka.webp
Białystok Piasta,ul. Bolesława Chrobrego,2,32,290000,9062,bez pośredników,,6,https://adresowo.pl/o/mieszkanie-bialystok-piasta-ul-boleslawa-chrobrego-2-pokojowe-t9i2t9,https://s2.adresowa.pl/oi/3e/7e/409640_60c3_cover@2x-2-pokojowe-mieszkanie-bialystok-piasta-ul-boleslawa-chrobrego.webp
Białystok Leśna Dolina,ul. ks. Jerzego Popiełuszki,3,48,359000,7479,bez pośredników,,11,https://adresowo.pl/o/mieszkanie-bialystok-lesna-dolina-ul-ks-jerzego-popieluszki-3-pokojowe-v7k9j8,https://s2.adresowa.pl/oi/13/26/409406_5faf_cover@2x-3-pokojowe-mieszkanie-bialystok-lesna-dolina-ul-ks-jerzego-popieluszki.webp
Białystok Jaroszówka,ul. Jaroszówka,4,87,779000,8954,Pośrednik,,15,https://adresowo.pl/o/mieszkanie-bialystok-jaroszowka-ul-jaroszowka-4-pokojowe-o1b1i7,https://s2.adresowa.pl/oi/70/66/3f3286_5229_cover@2x-4-pokojowe-mieszkanie-bialystok-jaroszowka-ul-jaroszowka.webp
Białystok Bojary,ul. Józefa Ignacego Kraszewskiego 45B,2,32,519000,16219,Pośrednik,,21,https://adresowo.pl/o/mieszkanie-bialystok-bojary-ul-jozefa-ignacego-kraszewskiego-2-pokojowe-x6v3o3,https://s2.adresowa.pl/oi/6a/6f/3f20ce_d57d_cover@2x-2-pokojowe-mieszkanie-bialystok-bojary-ul-jozefa-ignacego-kraszewskiego.webp
